119.4091836289102;0.0009932650865666767
119.43733655471854;0.0009755964389027296
119.46499319700384;0.0009583984950348816
119.49216642905283;0.0009416466551630162
119.51886913492484;0.0009253412925945081
119.5451135231369;0.0009094589974475314
119.5709113830425;0.0008939852442533884
119.59627387943617;0.0008788983898796046
119.62121224495849;0.0008642007854267158
119.64573711474164;0.0008498717251585471
119.6698587708974;0.0008358989756951058
119.6935847872301;0.0008221886847962044
119.71690951652631;0.0008082826983840829
119.73984327867275;0.0007947343318073167
119.76239603578533;0.0007815311870697745
119.7845774078456;0.0007686614080294544
119.80639668751199;0.0007561136518054499
119.82786285415689;0.0007438770619521546
119.84898458717711;0.0007319412432752388
119.8697702786216;0.0007202962381752624
119.8902280451775;0.0007089325044120597
119.91036573955277;0.0006978408941929413
119.930190961291;0.0006870126344929038
119.94971106705133;0.0006764393085258712
119.96893318038478;0.0006661128382883069
119.98786420103579;0.0006560254681042349
120.00651081379573;0.0006461697491067172
120.02487949693402;0.0006365385245941973
120.04297653023022;0.0006271249162048524
120.06080800262924;0.0006179223108574311
120.07837981954049;0.0006089243484095087
120.09569770980013;0.0006001249099876969
120.11276723231494;0.0005915181069486418
120.12959378240453;0.0005830982704311282
120.14618259785819;0.0005748599414633018
120.16253876472125;0.0005667978615912843
120.17866722282518;0.0005589069639975964
120.19457277107463;0.0005511823650800243
120.21026007250401;0.0005436193564637305
120.2257336591153;0.0005362133974212791
120.24099793650824;0.0005289601076757821
120.25605718831315;0.0005218552605665264
120.2709155804366;0.0005148947765547828
120.28557716512864;0.0005080747170509971
120.30004588488094;0.0005013912785453071
120.31432557616364;0.000494840787024032
120.32841997300885;0.0004884196926559582
120.34233271044833;0.00048212456473446927
120.35606732781201;0.000475952086860003
120.36962727189415;0.0004698990523509559
120.38301589999325;0.0004639623598701197
120.39623648283175;0.000458139009254832
120.40929220736079;0.00045242609754071294
120.42218617945564;0.0004468208151677665
120.4349214265066;0.00044132044236012714
120.44750089991022;0.00043592234566973496
120.45992747746516;0.0004306239746757797
120.47220396567715;0.00042542285883169327
120.48433310197707;0.0004203166044524316
120.49631755685571;0.00041530289183419134
120.50815993591932;0.0004103794725011903
120.51986278186895;0.00040554416657134296
120.53142857640721;0.00040079486023670755
120.54285974207536;0.00039612950335184366
120.55415864402383;0.0003915461071248903
120.56532759171887;0.00038704274190725035
120.57636884058819;0.00038261753507547153
120.58728459360798;0.00037826866900276065
120.59807700283386;0.0003739943791146015
120.60874817087799;0.000369792952024023
120.61930015233463;0.00036566272374488005
120.62973495515625;0.0003616020779767921
120.64005454198211;0.0003576094444606223
120.65026083142135;0.00035368329739950523
120.66035569929231;0.000349822153944057
120.67034097981987;0.00034602457273697255
120.68021846679248;0.00034228915251618703
120.68998991468048;0.00033861453077224283
120.69965703971715;0.00033499938245890124
120.70922152094404;0.0003314424187533933
120.71868500122186;0.00032794238586481006
120.72804908820835;0.00032449806388850744
120.73731535530439;0.00032110826570406803
120.74648534256937;0.00031777183591511523
120.75556055760731;0.00031448764982955726
120.76454247642452;0.0003112546124775344
120.77343254426006;0.00030807165766706917
120.7822321763899;0.00030493774707343135
120.79094275890581;0.0003018518693636826
120.79956564946997;0.00029881303935192616
120.80810217804593;0.0002958202971867703
120.81655364760715;0.0002928727075671457
120.82492133482364;0.0002899693589874638
120.83320649072762;0.0002871093630091532
120.8414103413589;0.00028429185355882545
120.8495340883907;0.0002815159862508277
120.85757890973674;0.000278780937734387
120.86554596014;0.00027608590506332807
120.87343637174396;0.0002734301050878564
120.881251254647;0.0002708127738676636
120.88899169744033;0.00026823316610551535
120.89665876773022;0.0002656905545998409
120.9042535126449;0.00026318422971672917
120.91177695932684;0.00026071349887945856
120.91923011541073;0.00025827768607540873
120.9266139694877;0.0002558761313801868
120.93392949155633;0.0002535081904967414
120.94117763346073;0.00025117323431086546
120.9483593293163;0.00024887064846071513
120.95547549592347;0.00024659983292120484
120.96252703316968;0.00024436020160164304
120.96951482442043;0.0002421511819567773
120.97643973689918;0.00023997221461039158
120.98330262205693;0.00023782275299124867
120.99010431593152;0.00023570226298077722
120.99684563949717;0.00023361022257190742
121.00352739900444;0.000231546121539106
121.01015038631101;0.0002295094611186186
121.01671537920348;0.00022749975369912236
121.02322314171053;0.0002255165225219033
121.0296744244078;0.0002235593013906491
121.03606996471449;0.00022162763439007857
121.0424104871822;0.0002197210756135029
121.04869670377613;0.0002178391888988671
121.05492931414894;0.00021598154757266315
121.06110900590734;0.00021414773420196627
121.06723645487183;0.00021233734035390567
121.07331232532972;0.00021054996636250505
121.07933727028154;0.0002087852211024538
121.08531193168119;0.0002070427217699631
121.09123694066994;0.00020532209366979547
121.0971129178045;0.00020362297000911197
121.10294047327918;0.00020194499169709395
121.10872020714267;0.00020028780715056327
121.11445270950914;0.0001986510721055604
121.12013856076423;0.00019703444943399646
121.12577833176583;0.00019543760896624765
121.13137258403988;0.0001938602273183911
121.13692186997136;0.00019230198772465204
121.1424267329906;0.0001907625798747306
121.14788770775499;0.0001892416997558301
121.15330532032625;0.00018773904949901478
121.15868008834346;0.00018625433723002866
121.16401252119185;0.0001847872769243288
121.16930312016754;0.00018333758826650265
121.17455237863834;0.00018190499651297412
121.1797607822007;0.00018048923235925758
121.18492880883295;0.00017909003181061192
121.19005692904484;0.00017770713605591167
121.19514560602369;0.00017634029134601175
121.20019529577692;0.0001749892488742605
121.20520644727142;0.00017365376466104953
121.21017950256959;0.00017233359944153595
121.2151148969622;0.00017102851855588843
121.22001305909825;0.00016973829184296205
121.22487441111174;0.0001684626935367541
121.22969936874566;0.00016720150216557465
121.23448834147304;0.00016595450045394017
121.2392417326153;0.0001647214752269394
121.2439599394579;0.00016350221731755278
121.24864335336335;0.00016229652147600317
121.25329235988175;0.00016110418628158794
121.25790733885883;0.00015992501405703833
121.26248866454148;0.00015875881078480762
121.26703670568108;0.00015760538602586064
121.27155182563448;0.00015646455284029355
121.27603438246268;0.0001553361277101722
121.2804847290275;0.00015421993046428747
121.284903213086;0.00015311578420489964
121.28929017738281;0.00015202351523622306
121.29364595974067;0.00015094295299499256
121.29797089314873;0.00014987392998240347
121.30226530584916;0.00014881628169826947
121.3065295214218;0.0001477698465763297
121.31076385886696;0.00014673446592147413
121.31496863268659;0.00014570998384842815
121.31914415296357;0.00014469624722232558
121.32329072543946;0.00014369310559995827
121.32740865159046;0.00014270041117332024
121.33149822870192;0.00014171801871405956
121.3355597499412;0.00014074578551944981
121.339593504429;0.00013978357135956753
121.3435997773093;0.00013883123842597998
121.3475788498177;0.00013788865128137618
121.35153099934853;0.00013695567681082805
121.3554564995204;0.0001360321841736857
121.35935562024054;0.0001351180447571941
121.36322862776774;0.0001342131321307074
121.36707578477407;0.00013331732200141778
121.37089735040529;0.00013243049217088099
121.37469358034008;0.00013155252249266128
121.37846472684805;0.00013068329483095268
121.38221103884663;0.00012982269302019923
121.38593276195675;0.0001289706028256796
121.38963013855744;0.000128126911904772
121.39330340783937;0.00012729150976971355
121.39695280585731;0.00012646428775044794
121.40057856558155;0.0001256451389590403
121.40418091694832;0.0001248339582542933
121.40776008690918;0.00012403064220776135
121.41131629947948;0.00012323508907004265
121.41484977578592;0.000122447198738161
121.4183607341131;0.00012166687272364899
121.42184938994916;0.00012089401412109536
121.42531595603069;0.00012012852757782938
121.42876064238659;0.00011937031926380783
121.4321836563812;0.00011861929684271931
121.43558520275656;0.00011787536944304932
121.4389654836739;0.0001171384476306495
121.44232469875432;0.000116408443381165
121.44566304511872;0.00011568527005334227
121.4489807174269;0.00011496884236301067
121.45227790791608;0.00011425907635764885
121.45555480643851;0.00011355588939126674
121.45881160049855;0.00011285920010015926
121.46204847528891;0.00011216892837889396
121.46526561372636;0.00011148499535698572
121.46846319648664;0.00011080732337607114
121.47164140203886;0.00011013583596769012
121.47480040667912;0.00010947045783099721
121.4779403845637;0.00010881111481185886
121.48106150774142;0.00010815773388147663
121.48416394618563;0.00010751024311629041
121.48724786782546;0.00010686857167738855
121.49031343857658;0.00010623264979148305
121.49336082237139;0.00010560240873112994
121.49639018118864;0.00010497778079620919
121.4994016750826;0.00010435869929547085
121.50239546221157;0.00010374509852848306
121.50537169886601;0.00010313691376776775
121.50833053949613;0.00010253408124179512
121.51127213673895;0.00010193653811780576
121.51419664144497;0.00010134422248564129
121.51710420270423;0.00010075707334076584
121.51999496787208;0.00010017503056906435
121.52286908259437;9.959803493073725e-05
121.52572669083226;9.90260280455643e-05
121.52856793488658;9.845895237738922e-05
121.53139295542178;9.789675121982797e-05
121.53420189148945;9.733936868173873e-05
121.53699488055145;9.678674967322328e-05
121.53977205850262;9.62388398919498e-05
121.54253355969313;9.569558580939765e-05
121.54527951695039;9.515693465777702e-05
121.5480100616007;9.462283441705816e-05
121.55072532349043;9.409323380226534e-05
121.55342543100681;9.35680822509822e-05
121.55611051109852;9.304732991094614e-05
121.5587806892958;9.253092762859255e-05
121.56143608973026;9.2018826936626e-05
121.56407683515437;9.151098004314173e-05
121.5667030469606;9.100733981997884e-05
121.5693148452003;9.050785979154623e-05
121.57191234860217;9.001249412450382e-05
121.57449567459054;8.952119761660266e-05
121.5770649393032;8.903392568635592e-05
121.57962025760911;8.855063436305906e-05
121.58216174312565;8.80712802765576e-05
121.58468950823575;8.759582064730093e-05
121.5872036641046;8.712421327691951e-05
121.58970432069614;8.665641653860124e-05
121.59219158678933;8.619238936791015e-05
121.59466556999408;8.573209125354671e-05
121.59712637676697;8.527548222855586e-05
121.59957411242668;8.482252286129444e-05
121.60200888116924;8.437317424717021e-05
121.60443078608296;8.392739799994784e-05
121.60683992916313;8.348515624350227e-05
121.60923641132655;8.3046411603805e-05
121.61162033242577;8.261112720068133e-05
121.6139917912631;8.217926664036384e-05
121.61635088560446;8.175079400739193e-05
121.61869771219291;8.132567385729669e-05
121.6210323667621;8.090387120919109e-05
121.62335494404935;8.048535153845756e-05
121.6256655378087;8.007008076947695e-05
121.6279642408236;7.965802526895128e-05
121.63025114491951;7.924915183858058e-05
121.63252634097626;7.884342770870837e-05
121.63478991894016;7.844082053143089e-05
121.6370419678361;7.804129837421972e-05
121.63928257577925;7.764482971335612e-05
121.64151182998674;7.725138342796167e-05
121.64372981678906;7.686092879338131e-05
121.64593662164135;7.647343547554396e-05
121.6481323291345;7.608887352478557e-05
121.65031702300604;7.570721337012761e-05
121.65249078615093;7.532842581324459e-05
121.65465370063218;7.495248202325774e-05
121.65680584769122;7.45793535308995e-05
121.65894730775823;7.420901222310043e-05
121.66107816046225;7.384143033778472e-05
121.6631984846412;7.347658045833641e-05
121.6653083583516;7.31144355088746e-05
121.66740785887835;7.275496874868167e-05
121.66949706274421;7.239815376766511e-05
121.67157604571923;7.204396448098683e-05
121.67364488282998;7.169237512476181e-05
121.67570364836865;7.134336025103176e-05
121.67775241590209;7.099689472308622e-05
121.6797912582806;7.065295371089302e-05
121.68182024764671;7.031151268695781e-05
121.68383945544373;6.997254742145543e-05
121.68584895242424;6.963603397807598e-05
121.68784880865843;6.930194870975799e-05
121.68983909354235;6.897026825451413e-05
121.69181987580596;6.864096953128286e-05
121.6937912235212;6.831402973588395e-05
121.69575320410979;6.79894263370697e-05
121.69770588435102;6.76671370724329e-05
121.69964933038943;6.734713994482964e-05
121.70158360774231;6.70294132184226e-05
121.70350878130714;6.671393541498163e-05
121.70542491536894;6.640068531010605e-05
121.70733207360749;6.608964192993886e-05
121.70923031910442;6.578078454725389e-05
121.71111971435027;6.547409267828687e-05
121.71300032125141;6.516954607897631e-05
121.71487220113683;6.48671247419691e-05
121.71673541476488;6.456680889311633e-05
121.71859002232996;6.426857898796466e-05
121.720436083469;6.39724157091642e-05
121.72227365726792;6.367829996264477e-05
121.72410280226802;6.338621287495232e-05
121.72592357647224;6.30961357900203e-05
121.72773603735135;6.28080502662206e-05
121.72954024185003;6.2521938073396e-05
121.73133624639294;6.223778118988143e-05
121.7331241068906;6.195556179976716e-05
121.73490387874526;6.167526228994021e-05
121.73667561685669;6.139686524757348e-05
121.73843937562788;6.112035345697994e-05
121.74019520897063;6.0845709897295656e-05
121.74194317031112;6.0572917739656e-05
121.74368331259535;6.030196034472958e-05
121.74541568829457;6.0032821259998474e-05
121.74714034941056;5.976548421733631e-05
121.7488573474809;5.9499933130505686e-05
121.75056673358414;5.9236152092718574e-05
121.75226855834494;5.897412537428909e-05
121.75396287193907;5.8713837420240667e-05
121.75564972409839;5.8455272847795845e-05
121.75732916411579;5.8198416444472054e-05
121.75900124084998;5.7943253165421966e-05
121.76066600273035;5.768976813151513e-05
121.76232349776159;5.7437946626919036e-05
121.76397377352839;5.7187774097181185e-05
121.76561687720006;5.6939236146895093e-05
121.767252855535;5.669231853770563e-05
121.76888175488524;5.644700718630954e-05
121.77050362120079;5.6203288162361943e-05
121.77211850003403;5.5961147686418e-05
121.77372643654401;5.5720572128130775e-05
121.7753274755007;5.548154800416749e-05
121.77692166128917;5.5244061976471015e-05
121.7785090379137;5.5008100850160375e-05
121.78008964900191;5.477365157192935e-05
121.78166353780877;5.454070122799231e-05
121.78323074722057;5.430923704252394e-05
121.78479131975884;5.407924637567205e-05
121.78634529758425;5.385071672199945e-05
121.78789272250042;5.3623635708673275e-05
121.78943363595769;5.339799109372488e-05
121.7909680790569;5.317377076464872e-05
121.79249609255301;5.2950962736386e-05
121.79401771685876;5.272955515002637e-05
121.7955329920483;5.250953627102388e-05
121.79704195786066;5.229089448773491e-05
121.79854465370332;5.207361830986998e-05
121.80004111865561;5.1857696366936996e-05
121.80153139147221;5.1643117406656784e-05
121.8030155105864;5.1429870293764665e-05
121.8044935141135;5.121794400810629e-05
121.80596543985408;5.10073276438255e-05
121.80743132529726;5.0798010407238104e-05
121.8088912076239;5.058998161608964e-05
121.81034512370975;5.038323069767992e-05
121.8117931101286;5.017774718783204e-05
121.81323520315537;4.9973520729428345e-05
121.81467143876914;4.9770541071051806e-05
121.81610185265617;4.956879806580727e-05
121.81752648021293;4.936828167005862e-05
121.81894535654898;4.9168981942039616e-05
121.82035851648986;4.897088904049836e-05
121.82176599458005;4.8773993224048826e-05
121.82316782508569;4.857828484913634e-05
121.82456404199749;4.838375436955542e-05
121.82595467903344;4.819039233496178e-05
121.82733976964154;4.7998189389666185e-05
121.82871934700252;4.7807136271685266e-05
121.83009344403251;4.7617223811477586e-05
121.83146209338565;4.742844293080808e-05
121.83282532745675;4.724078464182306e-05
121.83418317838378;4.705424004586726e-05
121.83553567805052;4.686880033235593e-05
121.83688285808897;4.668445677790504e-05
121.8382247498819;4.650120074508692e-05
121.83956138456529;4.6319023681573095e-05
121.84089279303072;4.613791711907221e-05
121.84221900592783;4.595787267235903e-05
121.84354005366664;4.577888203817491e-05
121.84485596641991;4.5600936994606196e-05
121.84616677412545;4.5424029399690796e-05
121.84747250648839;4.524815119070991e-05
121.84877319298344;4.5073294383367916e-05
121.8500688628572;4.4899451070619805e-05
121.85135954513024;4.472661342191471e-05
121.85264526859936;4.455477368235333e-05
121.85392606183974;4.4383924171831095e-05
121.85520195320709;4.4214057283978634e-05
121.85647297083966;4.4045165485401325e-05
121.85773914266046;4.387724131503554e-05
121.85900049637924;4.371027738308408e-05
121.86025705949449;4.3544266370134746e-05
121.86150885929554;4.3379201026609434e-05
121.86275592286451;4.321507417199201e-05
121.86399827707824;4.305187869356428e-05
121.86523594861029;4.2889607546241935e-05
121.86646896393283;4.272825375140871e-05
121.86769734931855;4.2567810396302935e-05
121.86892113084254;4.240827063324631e-05
121.87014033438413;4.224962767892686e-05
121.87135498562876;4.209187481361831e-05
121.87256511006974;4.193500538062475e-05
121.87377073301012;4.177901278525871e-05
121.8749718795644;4.162389049462639e-05
121.8761685746603;4.1469632036353246e-05
121.87736084304053;4.1316230998384065e-05
121.87854870926449;4.116368102810534e-05
121.87973219770993;4.1011975831737184e-05
121.88091133257466;4.086110917352783e-05
121.8820861378782;4.0711074875422496e-05
121.88325663746348;4.056186681616115e-05
121.88442285499833;4.041347893066941e-05
121.88558481397723;4.026590520952787e-05
121.88674253772281;4.0119139698471554e-05
121.88789604938745;3.997317649747423e-05
121.88904537195482;3.9828009760424306e-05
121.89019052824143;3.968363369431132e-05
121.89133154089814;3.95400425589766e-05
121.89246843241165;3.9397230666159475e-05
121.89360122510602;3.925519237920973e-05
121.89472994114412;3.911392211231157e-05
121.89585460252907;3.897341433014068e-05
121.89697523110571;3.88336635472248e-05
121.89809184856202;3.869466432733425e-05
121.89920447643047;3.8556411283035855e-05
121.9003131360895;3.841889907519797e-05
121.90141784876482;3.828212241242456e-05
121.90251863553085;3.814607605039726e-05
121.90361551731199;3.801075479167487e-05
121.90470851488399;3.787615348503978e-05
121.90579764887528;3.774226702496418e-05
121.90688293976827;3.7609090351017716e-05
121.90796440790062;3.747661844773787e-05
121.90904207346655;3.734484634386123e-05
121.91011595651807;3.7213769111951885e-05
121.91118607696626;3.708338186783908e-05
121.91225245458249;3.695367977037588e-05
121.91331510899965;3.682465802075504e-05
121.9143740597134;3.669631186225268e-05
121.91542932608327;3.6568636579657124e-05
121.91648092733395;3.6441627498813136e-05
121.91752888255641;3.631527998636519e-05
121.91857321070908;3.6189589449155714e-05
121.91961393061901;3.6064551333894844e-05
121.92065106098295;3.594016112665137e-05
121.92168462036855;3.5816414352737015e-05
121.92271462721546;3.5693306575727165e-05
121.92374109983636;3.5570833397764075e-05
121.92476405641817;3.544899045857474e-05
121.92578351502301;3.532777343542768e-05
121.92679949358939;3.520717804254389e-05
121.92781200993313;3.5087200030923985e-05
121.92882108174855;3.496783518780277e-05
121.9298267266094;3.4849079336365336e-05
121.93082896196994;3.473092833529324e-05
121.93182780516591;3.461337807844524e-05
121.93282327341561;3.449642449458423e-05
121.93381538382081;3.4380063546901024e-05
121.93480415336782;3.4264291232706736e-05
121.93578959892837;3.4149103583027756e-05
121.93677173726063;3.403449666251722e-05
121.93775058501018;3.3920466568691146e-05
121.93872615871094;3.380700943208804e-05
121.93969847478607;3.369412141537597e-05
121.94066754954895;3.3581798713595645e-05
121.94163339920406;3.347003755348173e-05
121.94259603984793;3.335883419310988e-05
121.94355548746996;3.3248184921966646e-05
121.9445117579534;3.3138086060124474e-05
121.94546486707621;3.302853395840973e-05
121.94641483051186;3.2919524997665086e-05
121.94736166383028;3.281105558884089e-05
121.94830538249869;3.2703122172439186e-05
121.94924600188241;3.25957212182691e-05
121.95018353724578;3.248884922531615e-05
121.95111800375287;3.2382502721170386e-05
121.95204941646843;3.227667826204021e-05
121.95297779035862;3.2171372432207254e-05
121.95390314029183;3.206658184401311e-05
121.9548254810395;3.196230313729738e-05
121.95574482727692;3.185853297940182e-05
121.95666119358393;3.175526806471671e-05
121.9575745944458;3.1652505114486765e-05
121.95848504425396;3.155024087659224e-05
121.95939255730671;3.144847212517046e-05
121.96029714781005;3.1347195660402075e-05
121.96119882987838;3.124640830842715e-05
121.96209761753524;3.114610692075318e-05
121.96299352471404;3.1046288374441216e-05
121.96388656525882;3.0946949571388335e-05
121.9647767529249;3.0848087438546306e-05
121.96566410137966;3.074969892728794e-05
121.96654862420318;3.065178101344027e-05
121.96743033488902;3.055433069696883e-05
121.96830924684478;3.0457345001673734e-05
121.96918537339292;3.0360820975047192e-05
121.97005872777135;3.0264755688078408e-05
121.97092932313413;3.0169146234842322e-05
121.97179717255213;3.0073989732540964e-05
121.97266228901368;2.99792833210986e-05
121.97352468542525;2.9885024162999966e-05
121.97438437461203;2.979120944315729e-05
121.97524136931867;2.9697836368465482e-05
121.9760956822098;2.9604902167883208e-05
121.97694732587074;2.9512404092106552e-05
121.9777963128081;2.9420339413164244e-05
121.97864265545034;2.9328705424669515e-05
121.9794863661485;2.9237499441133624e-05
121.98032745717668;2.914671879810094e-05
121.9811659407327;2.9056360851845466e-05
121.98200182893866;2.8966422979081177e-05
121.9828351338416;2.88769025769562e-05
121.98366586741399;2.8787797062685254e-05
121.98449404155434;2.8699103873548334e-05
121.98531966808781;2.861082046652168e-05
121.9861427587667;2.8522944318230564e-05
121.9869633252711;2.8435472924646057e-05
121.98778137920937;2.8348403801056683e-05
121.9885969321187;2.826173448174037e-05
121.9894099954657;2.8175462519921096e-05
121.99022058064692;2.808958548747549e-05
121.99102869898934;2.8004100974824722e-05
121.99183436175096;2.7919006590848762e-05
121.99263758012131;2.7834299962482484e-05
121.99343836522195;2.7749978734751622e-05
121.99423672810698;2.7666040570591234e-05
121.99503267976361;2.758248315063043e-05
121.9958262311126;2.749930417303881e-05
121.9966173930088;2.741650135333356e-05
121.99740617624163;2.7334072424322832e-05
121.99819259153554;2.725201513582054e-05
121.9989766495506;2.7170327254624145e-05
121.99975836088288;2.7089006564285625e-05
122.00053773606498;2.7008050864941243e-05
122.00131478556649;2.6927457973187553e-05
122.00208951979447;2.6847225721976662e-05
122.0028619490939;2.676735196045646e-05
122.00363208374816;2.6687834553699266e-05
122.00439993397949;2.66086713828034e-05
122.00516550994942;2.652986034446056e-05
122.00592882175927;2.6451399351038276e-05
122.00668987945052;2.637328633043256e-05
122.00744869300532;2.629551922576204e-05
122.0082052723469;2.6218095995339253e-05
122.00895962734;2.6141014612656397e-05
122.00971176779133;2.6064273065936995e-05
122.01046170344996;2.598786935835585e-05
122.01120944400775;2.591180150762203e-05
122.0119549990998;2.5836067546134062e-05
122.01269837830482;2.5760665520536362e-05
122.01343959114558;2.568559349184474e-05
122.01417864708931;2.5610849535135974e-05
122.01491555554809;2.553643173974078e-05
122.01565032587925;2.546233820847027e-05
122.0163829673858;2.5388567058419448e-05
122.01711348931677;2.531511641991778e-05
122.01784190086767;2.5241984437202676e-05
122.01856821118082;2.5169169267652357e-05
122.01929242934575;2.5096669082053394e-05
122.02001456439962;2.5024482064485992e-05
122.0207346253275;2.4952606411954554e-05
122.02145262106288;2.4881040334540715e-05
122.0221685604879;2.4809782055077252e-05
122.02288245243382;2.473882980937657e-05
122.02359430568136;2.4668181845542166e-05
122.02430412896103;2.4597836424492153e-05
122.02501193095354;2.452779181941292e-05
122.02571772029009;2.4458046315839803e-05
122.02642150555276;2.438859821155272e-05
122.02712329527489;2.4319445816353508e-05
122.02782309794136;2.4250587452198008e-05
122.028520921989;2.4182021452790424e-05
122.02921677580686;2.4113746163615952e-05
122.02991066773662;2.40457599420054e-05
122.03060260607285;2.3978061156754726e-05
122.03129259906342;2.3910648188245472e-05
122.03198065490977;2.3843519428241195e-05
122.03266678176728;2.3776673279732273e-05
122.03335098774552;2.3710108157133936e-05
122.03403328090867;2.3643822485650226e-05
122.03471366927577;2.357781470173415e-05
122.03539216082106;2.3512083252741863e-05
122.03606876347429;2.344662659690913e-05
122.03674348512101;2.3381443203067882e-05
122.0374163336029;2.331653155087949e-05
122.03808731671809;2.3251890130363025e-05
122.03875644222143;2.31875174423069e-05
122.03942371782479;2.3123411997678092e-05
122.04008915119739;2.3059572317801018e-05
122.04075274996606;2.2995996934196107e-05
122.04141452171557;2.293268438862107e-05
122.04207447398885;2.286963323274455e-05
122.04273261428739;2.280684202842309e-05
122.0433889500714;2.274430934708687e-05
122.0440434887602;2.268203377024569e-05
122.04469623773242;2.262001388899625e-05
122.04534720432635;2.2558248304121672e-05
122.04599639584013;2.2496735626066276e-05
122.04664381953211;2.2435474474510037e-05
122.04728948262107;2.2374463478818614e-05
122.04793339228651;2.2313701277499377e-05
122.0485755556689;2.225318651839874e-05
122.04921597986997;2.2192917858549247e-05
122.04985467195293;2.2132893964051213e-05
122.05049163894279;2.2073113510090088e-05
122.05112688782658;2.2013575180842954e-05
122.05176042555361;2.195427766918766e-05
122.05239225903571;2.1895219677027826e-05
122.05302239514754;2.1836399914817176e-05
122.05365084072676;2.1777817101897833e-05
122.05427760257436;2.1719469966083438e-05
122.05490268745483;2.166135724375427e-05
122.05552610209644;2.1603477679690754e-05
122.0561478531915;2.1545830027163074e-05
122.0567679473966;2.1488413047750887e-05
122.05738639133277;2.1431225511174843e-05
122.05800319158584;2.1374266195608385e-05
122.05861835470658;2.1317533887120154e-05
122.05923188721097;2.126102737988924e-05
122.05984379558042;2.120474547618256e-05
122.06045408626203;2.1148686986198077e-05
122.06106276566875;2.1092850727876634e-05
122.06166984017968;2.1037235527128852e-05
122.06227531614024;2.0981840217538863e-05
122.06287919986244;2.0926663640368404e-05
122.06348149762503;2.087170464455079e-05
122.06408221567382;2.0816962086619507e-05
122.06468136022178;2.0762434830447994e-05
122.06527893744935;2.0708121747552997e-05
122.0658749535046;2.0654021716778995e-05
122.06646941450347;2.060013362423902e-05
122.06706232652996;2.0546456363404453e-05
122.06765369563634;2.0492988834908337e-05
122.06824352784336;2.0439729946578014e-05
122.06883182914049;2.038667861339022e-05
122.06941860548606;2.033383375724921e-05
122.0700038628075;2.0281194307202084e-05
122.07058760700153;2.0228759199070886e-05
122.07116984393437;2.0176527375700955e-05
122.07175057944193;2.0124497786707893e-05
122.07232981933;2.007266938853421e-05
122.07290756937445;2.002104114432757e-05
122.07348383532143;1.9969612023857586e-05
122.07405862288753;1.991838100365359e-05
122.07463193776003;1.986734706660352e-05
122.07520378559701;1.981650920236332e-05
122.07577417202761;1.976586640689465e-05
122.07634310265216;1.9715417682624205e-05
122.0769105830424;1.9665162038385018e-05
122.07747661874167;1.9615098489280605e-05
122.07804121526502;1.9565226056773862e-05
122.07860437809948;1.9515543768449432e-05
122.07916611270419;1.9466050658110024e-05
122.07972642451057;1.941674576577589e-05
122.08028531892253;1.936762813745416e-05
122.08084280131663;1.9318696825221172e-05
122.08139887704223;1.9269950887144338e-05
122.08195355142169;1.9221389387276127e-05
122.08250682975053;1.9173011395513887e-05
122.0830587172976;1.9124815987701855e-05
122.08360921930526;1.907680224539595e-05
122.0841583409895;1.9028969255954877e-05
122.08470608754018;1.8981316112557022e-05
122.08525246412113;1.8933841913909916e-05
122.08579747587034;1.888654576449824e-05
122.08634112790011;1.8839426774296635e-05
122.08688342529724;1.879248405898165e-05
122.08742437312316;1.874571673957794e-05
122.08796397641407;1.8699123942735993e-05
122.08850224018117;1.8652704800419212e-05
122.08903916941073;1.860645845003247e-05
122.08957476906428;1.856038403432482e-05
122.09010904407882;1.851448070143778e-05
122.09064199936684;1.8468747604686467e-05
122.0911736398166;1.842318390266287e-05
122.09170397029222;1.8377788759090896e-05
122.09223299563382;1.8332561342946715e-05
122.09276072065772;1.828750082830738e-05
122.09328715015653;1.824260639428128e-05
122.0938122888993;1.8197877225057025e-05
122.09433614163173;1.815331250977853e-05
122.09485871307622;1.810891144273099e-05
122.09538000793208;1.806467322289775e-05
122.09590003087564;1.8020597054238034e-05
122.09641878656042;1.7976682145712395e-05
122.09693627961722;1.7932927710950866e-05
122.09745251465431;1.7889332968320705e-05
122.09796749625752;1.784589714126511e-05
122.09848122899044;1.780261945747658e-05
122.09899371739448;1.7759499149781092e-05
122.09950496598904;1.7716535455379127e-05
122.10001497927168;1.7673727616126037e-05
122.10052376171818;1.7631074878588655e-05
122.10103131778271;1.7588576493744593e-05
122.10153765189798;1.75462317171716e-05
122.10204276847533;1.750403980892839e-05
122.10254667190486;1.746200003346678e-05
122.10304936655561;1.7420111659706586e-05
122.10355085677563;1.737837396099008e-05
122.10405114689212;1.733678621496509e-05
122.10455024121157;1.729534770360042e-05
122.10504814401986;1.7254057713194315e-05
122.10554485958242;1.7212915534265168e-05
122.10604039214432;1.7171920461637963e-05
122.10653474593039;1.7131071794295673e-05
122.10702792514535;1.7090368835344778e-05
122.10751993397395;1.7049810892203718e-05
122.10801077658105;1.7009397276130273e-05
122.10850045711179;1.6969127302774797e-05
122.10898897969163;1.692900029161101e-05
122.10947634842654;1.6889015566272176e-05
122.10996256740307;1.6849172454286753e-05
122.1104476406885;1.6809470287243726e-05
122.11093157233093;1.6769908400661308e-05
122.11141436635937;1.6730486133921317e-05
122.1118960267839;1.6691202830334725e-05
122.11237655759577;1.66520578370591e-05
122.11285596276748;1.661305050504206e-05
122.11333424625295;1.6574180189150656e-05
122.11381141198753;1.6535446247857375e-05
122.11428746388822;1.649684804359255e-05
122.1147624058537;1.645838494237833e-05
122.11523624176446;1.642005631388865e-05
122.11570897548295;1.6381861531634036e-05
122.11618061085359;1.6343799972634606e-05
122.11665115170295;1.630587101757812e-05
122.11712060183984;1.6268074050821306e-05
122.1175889650554;1.6230408460122685e-05
122.11805624512321;1.6192873636903807e-05
122.11852244579939;1.61554689761922e-05
122.11898757082267;1.6118193876293994e-05
122.11945162391457;1.60810477392337e-05
122.11991460877942;1.604402997027458e-05
122.1203765291045;1.6007139978184162e-05
122.12083738856013;1.597037717516612e-05
122.12129719079975;1.593374097679514e-05
122.12175593946003;1.5897230801956513e-05
122.12221363816099;1.5860846072949132e-05
122.12267029050605;1.5824586215245718e-05
122.12312590008217;1.5788450657726223e-05
122.12358047045991;1.5752438832489455e-05
122.12403400519354;1.5716550174911143e-05
122.1244865078211;1.5680784123499843e-05
122.12493798186456;1.5645140120037443e-05
122.12538843082987;1.5609617609519695e-05
122.12583785820702;1.5574216039961074e-05
122.12628626747019;1.553893486259955e-05
122.12673366207783;1.5503773531804806e-05
122.12718004547268;1.546873150499887e-05
122.12762542108197;1.5433808242665734e-05
122.12806979231742;1.5399003208335547e-05
122.12851316257535;1.5364315868560665e-05
122.12895553523677;1.5329745692970458e-05
122.1293969136675;1.5295292154104137e-05
122.12983730121822;1.5260954727497336e-05
122.13027670122452;1.5226732891627311e-05
122.13071511700706;1.5192626127860772e-05
122.13115255187162;1.5158633920541644e-05
122.13158900910918;1.5124755756850715e-05
122.13202449199598;1.5090991126919477e-05
122.13245900379366;1.5057339523568607e-05
122.13289254774928;1.5023800442591044e-05
122.13332512709546;1.4990373382555665e-05
122.1337567450504;1.4957057844740714e-05
122.13418740481802;1.4923853333378063e-05
122.13461710958799;1.4890759355232954e-05
122.13504586253582;1.4857775419943094e-05
122.13547366682297;1.4824901039870936e-05
122.1359005255969;1.4792135730031723e-05
122.13632644199113;1.4759479008157626e-05
122.13675141912537;1.4726930394604051e-05
122.13717546010557;1.469448941236802e-05
122.13759856802393;1.4662155587145734e-05
122.13802074595912;1.4629928447172129e-05
122.13844199697623;1.4597807523306645e-05
122.13886232412688;1.4565792349019443e-05
122.1392817304493;1.4533882460261958e-05
122.13970021896843;1.450207739564247e-05
122.14011779269595;1.4470376696101074e-05
122.14053445463036;1.4438779905381997e-05
122.14095020775707;1.4407286569426388e-05
122.14136505504848;1.4375896236831992e-05
122.14177899946401;1.4344608458619747e-05
122.14219204395019;1.431342278821163e-05
122.14260419144074;1.4282338781566942e-05
122.14301544485664;1.4251355996876304e-05
122.14342580710621;1.4220473994898169e-05
122.14383528108513;1.4189692338743868e-05
122.14424386967656;1.4159010593769637e-05
122.14465157575115;1.4128428327828959e-05
122.14505840216722;1.4097945111070482e-05
122.14546435177068;1.406756051592815e-05
122.14586942739521;1.4037274117094186e-05
122.14627363186226;1.4007085491736786e-05
122.14667696798115;1.3976994219112321e-05
122.14707943854914;1.3946999880807943e-05
122.14748104635146;1.3917102060655853e-05
122.1478817941614;1.3887300344751512e-05
122.1482816847404;1.3857594321335216e-05
122.14868072083802;1.38279835809529e-05
122.14907890519211;1.379846771623141e-05
122.14947624052884;1.3769046322042947e-05
122.1498727295627;1.373971899541303e-05
122.15026837499667;1.371048533544679e-05
122.15066317952218;1.368134494351758e-05
122.15105714581925;1.3652297423013334e-05
122.15145027655649;1.3623342379421956e-05
122.1518425743912;1.3594479420434626e-05
122.15223404196941;1.3565708155669404e-05
122.15262468192594;1.3537028196922137e-05
122.15301449688451;1.3508439158035573e-05
122.15340348945769;1.347994065481963e-05
122.15379166224707;1.3451532305215989e-05
122.15417901784326;1.3423213729072416e-05
122.15456555882594;1.3394984548307184e-05
122.15495128776395;1.3366844386825564e-05
122.15533620721536;1.3338792870502107e-05
122.15572031972745;1.3310829627179878e-05
122.15610362783686;1.3282954286582727e-05
122.15648613406958;1.3255166480500468e-05
122.15686784094103;1.3227465842587177e-05
122.15724875095613;1.3199852008376328e-05
122.15762886660931;1.3172324615365074e-05
122.15800819038462;1.3144883302906424e-05
122.15838672475574;1.3117527712237181e-05
122.15876447218606;1.3090257486518515e-05
122.15914143512873;1.3063072270639561e-05
122.15951761602669;1.3035971711491478e-05
122.15989301731275;1.3008955457667094e-05
122.16026764140965;1.298202315967654e-05
122.16064149073006;1.2955174469807671e-05
122.1610145676767;1.2928409042074494e-05
122.16138687464235;1.2901726532379745e-05
122.1617584140099;1.2875126598368624e-05
122.16212918815242;1.2848608899511537e-05
122.16249919943321;1.2822173096836656e-05
122.16286845020583;1.2795818853380588e-05
122.16323694281418;1.2769545833705025e-05
122.1636046795925;1.2743353704233427e-05
122.16397166286548;1.271724213309358e-05
122.16433789494828;1.2691210789852032e-05
122.16470337814656;1.266525934622261e-05
122.16506811475655;1.26393874752676e-05
122.16543210706513;1.2613594851725085e-05
122.16579535734981;1.2587881152177428e-05
122.16615786787882;1.2562246054797662e-05
122.16651964091115;1.253668923919825e-05
122.1668806786966;1.2511210386879294e-05
122.16724098347582;1.248580918095765e-05
122.16760055748037;1.2460485305900973e-05
122.16795940293272;1.2435238448034115e-05
122.16831752204638;1.2410068295138951e-05
122.16867491702587;1.2384974536708859e-05
122.1690315900668;1.2359956863607515e-05
122.16938754335588;1.2335014968391936e-05
122.16974277907104;1.2310148545234358e-05
122.1700972993814;1.2285357289652346e-05
122.17045110644733;1.2260640898950272e-05
122.17080420242054;1.2235999071701124e-05
122.17115658944407;1.221143150812063e-05
122.17150826965232;1.2186937910050877e-05
122.17185924517119;1.2162517980578575e-05
122.17220951811801;1.2138171424342992e-05
122.17255909060164;1.2113897947703112e-05
122.17290796472251;1.2089697258116252e-05
122.17325614257267;1.2065569064873354e-05
122.17360362623579;1.2041513078406178e-05
122.17395041778724;1.2017529010767094e-05
122.17429651929413;1.1993616575388021e-05
122.17464193281533;1.1969775487060816e-05
122.17498666040153;1.1946005462179295e-05
122.17533070409526;1.1922306218422266e-05
122.17567406593096;1.189867747486414e-05
122.17601674793501;1.187511895197649e-05
122.17635875212574;1.1851630371667312e-05
122.1767000805135;1.1828211457105367e-05
122.1770407351007;1.1804861933004473e-05
122.17738071788186;1.1781581525255472e-05
122.1777200308436;1.1758369961277432e-05
122.17805867596472;1.173522696965648e-05
122.17839665521625;1.1712152280490356e-05
122.17873397056142;1.1689145625021513e-05
122.17907062395581;1.1666206735934818e-05
122.17940661734725;1.1643335347286075e-05
122.179741952676;1.162053119419286e-05
122.18007663187467;1.1597794013365602e-05
122.18041065686833;1.157512354262441e-05
122.18074402957451;1.155251952107366e-05
122.18107675190326;1.1529981689206458e-05
122.18140882575716;1.1507509788662325e-05
122.18174025303139;1.1485103562336029e-05
122.18207103561373;1.1462762754499112e-05
122.18240117538464;1.1440487110541448e-05
122.18273067421724;1.1418276377152136e-05
122.18305953397739;1.1396130302303592e-05
122.18338775652371;1.137404863507641e-05
122.18371534370763;1.135203112581995e-05
122.18404229737338;1.133007752603961e-05
122.18436861935808;1.1308187588609023e-05
122.18469431149174;1.128636106742676e-05
122.1850193755973;1.126459771757286e-05
122.18534381349069;1.1242897295486026e-05
122.1856676269808;1.1221259558542158e-05
122.18599081786961;1.1199684265572783e-05
122.18631338795213;1.117817117622508e-05
122.18663533901648;1.1156720051587058e-05
122.18695667284392;1.1135330653775142e-05
122.18727739120888;1.1114002745989638e-05
122.18759749587899;1.109273609273696e-05
122.1879169886151;1.1071530459474002e-05
122.18823587117136;1.1050385612896006e-05
122.18855414529519;1.1029301320752714e-05
122.18887181272734;1.1008277351959374e-05
122.18918887520195;1.0987313476415983e-05
122.18950533444652;1.0966409465234364e-05
122.189821192182;1.0945565090610326e-05
122.19013645012276;1.0924780125714261e-05
122.19045110997672;1.0904054345010096e-05
122.19076517344526;1.0883387523758438e-05
122.19107864222333;1.0862779438391671e-05
122.19139151799948;1.0842229866621899e-05
122.19170380245583;1.0821738586825616e-05
122.19201549726819;1.0801305378703465e-05
122.19232660410599;1.0780930022938305e-05
122.1926371246324;1.0760612301191802e-05
122.1929470605043;1.0740351996209587e-05
122.19325641337231;1.0720148891701742e-05
122.19356518488088;1.070000277239947e-05
122.19387337666826;1.0679913424263733e-05
122.19418099036656;1.0659880633872483e-05
122.19448802760174;1.0639904189079191e-05
122.19479448999367;1.0619983878728949e-05
122.19510037915617;1.0600119492498251e-05
122.19540569669701;1.0580310821201776e-05
122.19571044421795;1.0560557656524591e-05
122.19601462331478;1.0540859791180197e-05
122.19631823557732;1.0521217018845568e-05
122.19662128258948;1.0501629134160992e-05
122.19692376592924;1.0482095932718035e-05
122.19722568716877;1.046261721106105e-05
122.19752704787432;1.0443192766625007e-05
122.19782784960637;1.0423822397946485e-05
122.1981280939196;1.0404505904228105e-05
122.19842778236294;1.0385243085917214e-05
122.19872691647956;1.0366033744127615e-05
122.19902549780693;1.0346877680990245e-05
122.19932352787683;1.0327774699658872e-05
122.1996210082154;1.0308724603986597e-05
122.19991794034314;1.0289727198936938e-05
122.20021432577494;1.0270782290161847e-05
122.20051016602011;1.0251889684421276e-05
122.20080546258242;1.0233049189200314e-05
122.20110021696011;1.0214260612977829e-05
122.2013944306459;1.0195523765004642e-05
122.20168810512705;1.0176838455560729e-05
122.20198124188535;1.0158204495642789e-05
122.20227384239718;1.0139621697162323e-05
122.20256590813351;1.012108987293873e-05
122.20285744055994;1.0102608836600243e-05
122.2031484411367;1.0084178402674868e-05
122.20343891131871;1.006579838643183e-05
122.20372885255557;1.0047468604085718e-05
122.20401826629161;1.0029188872687875e-05
122.2043071539659;1.0010959010017302e-05
122.20459551701228;9.992778834835031e-06
122.20488335685937;9.974648166623716e-06
122.20517067493063;9.95656682562846e-06
122.20545747264433;9.938534633069919e-06
122.2057437514136;9.920551410865603e-06
122.20602951264651;9.902616981800073e-06
122.20631475774597;9.884731169397159e-06
122.20659948810986;9.866893797986187e-06
122.20688370513099;9.84910469273002e-06
122.20716741019717;9.831363679587641e-06
122.2074506046912;9.813670585298259e-06
122.20773328999091;9.796025237277892e-06
122.20801546746915;9.77842746381993e-06
122.20829713849386;9.76087709403807e-06
122.20857830442807;9.743373957713033e-06
122.2088589666299;9.725917885387344e-06
122.20913912645263;9.708508708414071e-06
122.20941878524467;9.6911462588974e-06
122.20969794434961;9.673830369645143e-06
122.20997660510628;9.65656087435674e-06
122.21025476884866;9.63933760722982e-06
122.210532436906;9.622160403346877e-06
122.21080961060285;9.605029098575912e-06
122.211086291259;9.5879435294625e-06
122.21136248018952;9.570903533183366e-06
122.21163817870487;9.553908947884688e-06
122.21191338811082;9.536959612085144e-06
122.2121881097085;9.520055365360509e-06
122.21246234479446;9.503196047755936e-06
122.21273609466061;9.486381500123271e-06
122.21300936059431;9.469611564059455e-06
122.21328214387839;9.452886081820963e-06
122.2135544457911;9.436204896308974e-06
122.21382626760624;9.419567851162445e-06
122.21409761059306;9.402974790711787e-06
122.21436847601636;9.386425559976406e-06
122.2146388651365;9.369920004697682e-06
122.21490877920938;9.353457971203205e-06
122.21517821948652;9.337039306544318e-06
122.215447187215;9.32066385849008e-06
122.21571568363758;9.304331475330317e-06
122.21598370999263;9.288042006260742e-06
122.21625126751417;9.271795300899365e-06
122.21651835743194;9.25559120966166e-06
122.21678498097134;9.239429583521444e-06
122.21705113935354;9.223310274247753e-06
122.21731683379541;9.207233134062557e-06
122.21758206550959;9.191198016025539e-06
122.21784683570449;9.175204773689436e-06
122.21811114558432;9.159253261338916e-06
122.2183749963491;9.143343333846681e-06
122.21863838919468;9.127474846715409e-06
122.21890132531276;9.111647656072445e-06
122.2191638058909;9.095861618714287e-06
122.21942583211255;9.080116591970497e-06
122.21968740515707;9.064412433917757e-06
122.21994852619973;9.048749003111902e-06
122.22020919641174;9.033126158863729e-06
122.22046941696027;9.017543760848062e-06
122.22072918900845;9.002001669678618e-06
122.22098851371541;8.98649974624001e-06
122.2212473922363;8.97103785233953e-06
122.22150582572225;8.955615850104584e-06
122.22176381532049;8.940233602343989e-06
122.22202136217426;8.924890972548288e-06
122.22227846742291;8.909587824703939e-06
122.22253513220187;8.894324023375671e-06
122.22279135764268;8.87909943370916e-06
122.22304714487298;8.863913921476088e-06
122.2233024950166;8.848767353020161e-06
122.22355740919349;8.833659595206682e-06
122.22381188851979;8.818590515472474e-06
122.22406593410784;8.803559981864537e-06
122.22431954706617;8.788567862990996e-06
122.22457272849955;8.773614027974203e-06
122.22482547950898;8.75869834649417e-06
122.22507780119172;8.743820688871839e-06
122.22532969464129;8.728980925843912e-06
122.22558116094753;8.714178928835176e-06
122.22583220119654;8.699414569672126e-06
122.22608281647076;8.6846877208652e-06
122.226333007849;8.669998255373979e-06
122.22658277640635;8.655346046780844e-06
122.22683212321431;8.64073096906812e-06
122.22708104934075;8.62615289680066e-06
122.22732955584996;8.611611705152627e-06
122.2275776438026;8.597107269784753e-06
122.2278253142558;8.58263946683835e-06
122.22807256826307;8.568208173011271e-06
122.22831940687445;8.5538132654862e-06
122.2285658311364;8.539454622044079e-06
122.22881184209189;8.52513212088808e-06
122.22905744078038;8.510845640736116e-06
122.22930262823785;8.496595060900275e-06
122.22954740549682;8.482380261108691e-06
122.22979177358633;8.468201121681527e-06
122.230035733532;8.454057523308483e-06
122.23027928635602;8.439949347348572e-06
122.23052243307717;8.425876475485409e-06
122.23076517471083;8.41183878993392e-06
122.23100751226897;8.397836173619875e-06
122.23124944676024;8.383868509566243e-06
122.23149097918991;8.36993568158392e-06
122.2317321105599;8.356037573965795e-06
122.23197284186881;8.342174071229603e-06
122.23221317411193;8.328345058622679e-06
122.23245310828125;8.314550421745965e-06
122.23269264536546;8.300790046759115e-06
122.23293178635;8.287063820243102e-06
122.233170532217;8.27337162921097e-06
122.23340888394543;8.259713361186975e-06
122.23364684251095;8.246088904236583e-06
122.23388440888604;8.232498146638007e-06
122.23412158403995;8.218940977423938e-06
122.23435836893877;8.205417285956298e-06
122.23459476454539;8.191926962012848e-06
122.23483077181953;8.178469895861122e-06
122.23506639171777;8.165045978308933e-06
122.23530162519351;8.151655100353933e-06
122.2355364731971;8.138297153781215e-06
122.23577093667569;8.124972030564541e-06
122.23600501657339;8.111679623246312e-06
122.23623871383118;8.098419824727172e-06
122.236472029387;8.085192528463942e-06
122.2367049641757;8.071997628187406e-06
122.23693751912909;8.058835018183025e-06
122.23716969517592;8.045704593129191e-06
122.23740149324195;8.032606248169765e-06
122.23763291424987;8.019539878796207e-06
122.23786395911944;8.006505381008363e-06
122.23809462876737;7.993502651180413e-06
122.23832492410743;7.9805315860746e-06
122.23855484605039;7.967592082946719e-06
122.2387843955041;7.954684039475645e-06
122.23901357337344;7.941807353664282e-06
122.2392423805604;7.928961924017862e-06
122.23947081796399;7.916147649406826e-06
122.23969888648037;7.903364429149918e-06
122.23992658700278;7.890612162893927e-06
122.24015392042159;7.877890750728515e-06
122.24038088762428;7.865200093187531e-06
122.24060748949549;7.852540091204141e-06
122.24083372691699;7.839910646072202e-06
122.24105960076773;7.8273116593978e-06
122.24128511192383;7.814743033386857e-06
122.24151026125861;7.802204670474332e-06
122.24173504964256;7.789696473607237e-06
122.2419594779434;7.777218346001283e-06
122.24218354702606;7.764770191261685e-06
122.2424072577527;7.752351913536816e-06
122.24263061098274;7.739963417157993e-06
122.24285360757283;7.727604606999868e-06
122.2430762483769;7.715275388276966e-06
122.24329853424612;7.702975666457873e-06
122.24352046602901;7.690705347554457e-06
122.24374204457133;7.678464337866939e-06
122.24396327071618;7.666252544070718e-06
122.24418414530395;7.654069873251614e-06
122.24440466917238;7.641916232862253e-06
122.24462484315656;7.629791530687476e-06
122.24484466808889;7.61769567487254e-06
122.24506414479916;7.6056285738915046e-06
122.24528327411453;7.5935901367746525e-06
122.24550205685954;7.581580272677495e-06
122.24572049385611;7.569598891231361e-06
122.24593858592358;7.557645902386076e-06
122.24615633387869;7.545721216526849e-06
122.2463737385356;7.533824744270474e-06
122.2465908007059;7.5219563966654765e-06
122.24680752119865;7.510116085116069e-06
122.24702390082032;7.4983037213268566e-06
122.24723994037488;7.486519217356189e-06
122.24745564066376;7.474762485683298e-06
122.24767100248586;7.463033439051862e-06
122.24788602663759;7.4513319905503515e-06
122.24810071391285;7.439658053646291e-06
122.24831506510306;7.428011542104383e-06
122.24852908099716;7.416392370107074e-06
122.24874276238164;7.404800452052842e-06
122.2489561100405;7.393235702755819e-06
122.24916912475528;7.3816980373598225e-06
122.24938180730514;7.370187371338749e-06
122.24959415846676;7.358703620463382e-06
122.24980617901441;7.347246700863436e-06
122.25001786971997;7.335816528960767e-06
122.25022923135288;7.3244130215368455e-06
122.25044026468021;7.313036095702328e-06
122.25065097046665;7.301685668881984e-06
122.25086134947452;7.290361658754303e-06
122.25107140246375;7.279063983457091e-06
122.25128113019196;7.267792561303581e-06
122.25149053341435;7.2565473109935914e-06
122.25169961288387;7.245328151505933e-06
122.25190836935107;7.234135002242173e-06
122.25211680356423;7.222967782767881e-06
122.2523249162693;7.211826413032283e-06
122.25253270820991;7.200710813255803e-06
122.25274018012743;7.18962090407986e-06
122.25294733276093;7.178556606263145e-06
122.2531541668472;7.167517841053045e-06
122.25336068312077;7.156504529858018e-06
122.25356688231393;7.145516594490793e-06
122.2537727651567;7.13455395703394e-06
122.25397833237685;7.123616539826707e-06
122.25418358469993;7.112704265510647e-06
122.2543885228493;7.101817057093322e-06
122.25459314754605;7.0909548378417686e-06
122.25479745950909;7.080117531277671e-06
122.25500145945514;7.069305061291263e-06
122.25520514809872;7.058517351950262e-06
122.25540852615218;7.047754327725337e-06
122.25561159432569;7.037015913370283e-06
122.25581435332724;7.026302033818383e-06
122.25601680386268;7.015612614361196e-06
122.25621894663571;7.004947580576511e-06
122.25642078234792;6.994306858356551e-06
122.2566223116987;6.983690373806116e-06
122.2568235353854;6.9730980533455545e-06
122.25702445410316;6.962529823634063e-06
122.2572250685451;6.951985611725622e-06
122.25742537940219;6.9414653447958374e-06
122.25762538736333;6.930968950411939e-06
122.25782509311533;6.920496356338342e-06
122.25802449734292;6.910047490683819e-06
122.25822360072877;6.8996222817965445e-06
122.25842240395347;6.88922065821722e-06
122.2586209076956;6.878842548907187e-06
122.25881911263166;6.8684878829777634e-06
122.2590170194361;6.858156589851595e-06
122.2592146287814;6.847848599210054e-06
122.25941194133794;6.837563841039823e-06
122.25960895777418;6.827302245514393e-06
122.25980567875648;6.817063743107002e-06
122.26000210494925;6.806848264550552e-06
122.26019823701492;6.7966557408381845e-06
122.2603940756139;6.786486103222504e-06
122.26058962140465;6.776339283209379e-06
122.26078487504364;6.766215212598708e-06
122.2609798371854;6.756113823372523e-06
122.2611745084825;6.746035047805446e-06
122.26136888958554;6.735978818420991e-06
122.26156298114321;6.725945068030739e-06
122.26175678380227;6.715933729591312e-06
122.26195029820752;6.705944736479961e-06
122.26214352500187;6.695978022152632e-06
122.26233646482632;6.686033520380886e-06
122.26252911831995;6.676111165246612e-06
122.26272148611994;6.666210890909167e-06
122.2629135688616;6.656332631976647e-06
122.26310536717835;6.646476323159547e-06
122.26329688170173;6.636641899411456e-06
122.26348811306141;6.626829296033138e-06
122.26367906188521;6.617038448453724e-06
122.26386972879908;6.607269292382586e-06
122.26406011442712;6.597521763795017e-06
122.26425021939161;6.587795798871598e-06
122.26444004431296;6.578091333992439e-06
122.26462958980979;6.568408305839278e-06
122.26481885649886;6.558746651295867e-06
122.26500784499517;6.549106307474564e-06
122.26519655591186;6.539487211753194e-06
122.26538498986028;6.529889301673509e-06
122.26557314745;6.520312515071002e-06
122.2657610292888;6.510756789978726e-06
122.26594863598267;6.501222064653605e-06
122.26613596813583;6.491708277613124e-06
122.26632302635072;6.4822153675012156e-06
122.26650981122803;6.472743273383611e-06
122.2666963233667;6.463291934215826e-06
122.26688256336392;6.453861289575643e-06
122.26706853181511;6.444451279063653e-06
122.26725422931399;6.435061842429678e-06
122.26743965645252;6.425692919649208e-06
122.26762481382097;6.41634445117326e-06
122.26780970200787;6.407016377345245e-06
122.26799432160001;6.397708638854927e-06
122.26817867318255;6.388421176739504e-06
122.26836275733888;6.379153932050358e-06
122.26854657465073;6.369906846055463e-06
122.26873012569813;6.360679860497555e-06
122.26891341105944;6.351472916937713e-06
122.26909643131135;6.3422859574730976e-06
122.26927918702889;6.3331189242147085e-06
122.26946167878538;6.323971759679391e-06
122.26964390715253;6.314844406333603e-06
122.2698258727004;6.30573680710389e-06
122.27000757599737;6.296648904869902e-06
122.2701890176102;6.287580643037941e-06
122.27037019810405;6.278531964895566e-06
122.27055111804239;6.269502814062939e-06
122.27073177798712;6.2604931344270015e-06
122.27091217849852;6.251502870076165e-06
122.27109232013522;6.242531965106054e-06
122.2712722034543;6.233580364073818e-06
122.27145182901121;6.224648011600301e-06
122.27163119735981;6.2157348524446375e-06
122.27181030905238;6.206840831756639e-06
122.27198916463963;6.1979658946226005e-06
122.27216776467067;6.189109986584382e-06
122.27234610969306;6.180273053184724e-06
122.27252420025279;6.171455040287714e-06
122.2727020368943;6.162655893888663e-06
122.27287962016047;6.153875560173332e-06
122.27305695059262;6.1451139855213065e-06
122.27323402873056;6.136371116500237e-06
122.27341085511253;6.127646899996431e-06
122.27358743027526;6.118941282832258e-06
122.27376375475396;6.110254212205653e-06
122.2739398290823;6.1015856354412955e-06
122.27411565379244;6.092935500114444e-06
122.27429122941504;6.084303753856014e-06
122.27446655647927;6.0756903446753265e-06
122.27464163551278;6.067095220510346e-06
122.27481646704172;6.0585183297384785e-06
122.27499105159077;6.049959620730146e-06
122.27516538968314;6.0414190422221e-06
122.27533948184052;6.032896542884183e-06
122.27551332858316;6.024392071759015e-06
122.27568693042984;6.01590557806195e-06
122.27586028789787;6.007437011127778e-06
122.27603340150311;5.998986320471026e-06
122.27620627175997;5.990553455717522e-06
122.27637889918142;5.982138366920608e-06
122.27655128427897;5.97374100393869e-06
122.27672342756269;5.965361317174209e-06
122.27689532954125;5.9569992569596855e-06
122.27706699072186;5.948654773860792e-06
122.27723841161034;5.940327818676695e-06
122.27740959271108;5.932018342321066e-06
122.27758053452705;5.9237262958765155e-06
122.27775123755981;5.915451630657459e-06
122.27792170230956;5.907194298027116e-06
122.27809192927505;5.898954249641597e-06
122.27826191895367;5.890731437261951e-06
122.27843167184142;5.8825258128787866e-06
122.2786011884329;5.874337328530302e-06
122.27877046922136;5.866165936601537e-06
122.27893951469865;5.858011589460206e-06
122.27910832535528;5.849874239702995e-06
122.27927690168039;5.841753840209664e-06
122.27944524416174;5.833650343784617e-06
122.27961335328575;5.825563703634476e-06
122.27978122953752;5.817493872947519e-06
122.27994887340076;5.809440805255186e-06
122.28011628535786;5.801404454009299e-06
122.2802834658899;5.793384773122826e-06
122.28045041547657;5.78538171636788e-06
122.28061713459628;5.777395237856006e-06
122.28078362372614;5.769425291856186e-06
122.28094988334188;5.761471832736421e-06
122.28111591391796;5.753534814963695e-06
122.28128171592753;5.745614193394222e-06
122.28144728984245;5.737709922690441e-06
122.28161263613323;5.729821958020907e-06
122.28177775526915;5.721950254473161e-06
122.28194264771815;5.714094767349745e-06
122.28210731394691;5.706255452162447e-06
122.28227175442083;5.698432264577832e-06
122.28243596960402;5.690625160296191e-06
122.28259995995934;5.682834095286733e-06
122.28276372594837;5.675059025668506e-06
122.28292726803141;5.667299907536495e-06
122.28309058666754;5.6595566973683e-06
122.28325368231455;5.651829351732967e-06
122.283416555429;5.644117827231733e-06
122.28357920646619;5.6364220807239315e-06
122.28374163588019;5.628742069226172e-06
122.28390384412383;5.621077749718886e-06
122.28406583164869;5.613429079565722e-06
122.28422759890516;5.605796016213672e-06
122.28438914634238;5.598178517142937e-06
122.28455047440825;5.590576540087265e-06
122.28471158354948;5.582990042874206e-06
122.28487247421158;5.575418983524926e-06
122.28503314683881;5.5678633200916215e-06
122.28519360187427;5.560323010941176e-06
122.28535383975982;5.552798014406278e-06
122.28551386093616;5.545288289077307e-06
122.28567366584278;5.537793793740583e-06
122.28583325491797;5.530314487037801e-06
122.28599262859888;5.522850328033971e-06
122.28615178732142;5.515401275873768e-06
122.28631073152035;5.50796728973109e-06
122.28646946162927;5.500548329081074e-06
122.2866279780806;5.4931443533720756e-06
122.28678628130561;5.485755322237326e-06
122.28694437173439;5.47838119556633e-06
122.2871022497959;5.471021933265425e-06
122.2872599159179;5.463677495379025e-06
122.28741737052705;5.456347842081938e-06
122.28757461404885;5.449032933686301e-06
122.28773164690764;5.441732730745816e-06
122.28788846952666;5.434447193782621e-06
122.28804508232798;5.427176283557277e-06
122.28820148573257;5.419919960967167e-06
122.28835768016025;5.4126781869227595e-06
122.28851366602973;5.405450922582346e-06
122.2886694437586;5.398238129173607e-06
122.28882501376333;5.3910397681141216e-06
122.28898037645929;5.383855800943252e-06
122.28913553226076;5.376686189223338e-06
122.28929048158086;5.369530894752412e-06
122.28944522483167;5.3623898794564965e-06
122.28959976242413;5.355263105277982e-06
122.28975409476813;5.348150534394713e-06
122.28990822227243;5.341052129111501e-06
122.29006214534472;5.3339678518025955e-06
122.29021586439163;5.326897664967645e-06
122.29036937981867;5.3198415313383425e-06
122.29052269203032;5.31279941355213e-06
122.29067580142996;5.305771274588366e-06
122.29082870841991;5.298757077494292e-06
122.29098141340143;5.291756785276249e-06
122.29113391677471;5.284770361333795e-06
122.2912862189389;5.277797768915136e-06
122.29143832029207;5.270838971663909e-06
122.29159022123129;5.263893933124197e-06
122.29174192215253;5.25696261701298e-06
122.29189342345073;5.250044987223042e-06
122.29204472551982;5.24314100776604e-06
122.29219582875265;5.236250642717163e-06
122.29234673354108;5.229373856268931e-06
122.29249744027591;5.222510612733282e-06
122.29264794934691;5.215660876644878e-06
122.29279826114288;5.208824612547162e-06
122.29294837605153;5.202001785047404e-06
122.2930982944596;5.195192359030321e-06
122.29324801675281;5.188396299384176e-06
122.29339754331586;5.181613571115983e-06
122.29354687453245;5.174844139399665e-06
122.29369601078528;5.16808796946914e-06
122.29384495245606;5.161345026724501e-06
122.29399369992547;5.154615276624231e-06
122.29414225357323;5.1478986847440526e-06
122.29429061377806;5.1411952168740664e-06
122.29443878091769;5.13450483875745e-06
122.29458675536887;5.127827516353523e-06
122.29473453750738;5.121163215735062e-06
122.29488212770801;5.114511902975796e-06
122.29502952634458;5.107873544421535e-06
122.29517673378993;5.101248106367224e-06
122.29532375041596;5.094635555323018e-06
122.29547057659357;5.088035857957521e-06
122.29561721269273;5.081448980841862e-06
122.29576365908244;5.074874890859866e-06
122.29590991613074;5.068313554955333e-06
122.29605598420473;5.0617649400186625e-06
122.29620186367055;5.055229013307955e-06
122.29634755489339;5.048705741978853e-06
122.29649305823752;5.0421950934000686e-06
122.29663837406623;5.035697034990146e-06
122.29678350274195;5.029211534376126e-06
122.29692844462608;5.022738559135624e-06
122.29707320007915;5.016278077051886e-06
122.29721776946077;5.009830055964164e-06
122.29736215312958;5.003394463861358e-06
122.29750635144335;4.996971268838183e-06
122.29765036475887;4.990560438988833e-06
122.29779419343207;4.984161942612297e-06
122.29793783781794;4.977775748106779e-06
122.29808129827057;4.9714018239764205e-06
122.29822457514315;4.965040138718512e-06
122.29836766878795;4.958690661088022e-06
122.29851057955634;4.952353359785146e-06
122.29865330779879;4.946028203713681e-06
122.29879585386489;4.939715161924731e-06
122.29893821810333;4.9334142033683645e-06
122.29908040086191;4.92712529729172e-06
122.29922240248754;4.9208484129949616e-06
122.29936422332625;4.914583519770434e-06
122.2995058637232;4.908330587110657e-06
122.29964732402264;4.9020895846054815e-06
122.29978860456798;4.8958604819418525e-06
122.29992970570173;4.889643248800743e-06
122.30007062776555;4.883437855110831e-06
122.30021137110022;4.877244270696375e-06
122.30035193604566;4.871062465776619e-06
122.30049232294093;4.8648924103658945e-06
122.30063253212423;4.858734074772403e-06
122.3007725639329;4.8525874292487015e-06
122.30091241870343;4.8464524442913175e-06
122.30105209677147;4.8403290903421695e-06
122.3011915984718;4.834217338080589e-06
122.30133092413837;4.828117158185406e-06
122.30147007410427;4.8220285214242e-06
122.30160904870178;4.815951398708285e-06
122.30174784826231;4.809885761035864e-06
122.30188647311645;4.8038315794056085e-06
122.30202492359398;4.797788825047644e-06
122.3021632000238;4.791757469237938e-06
122.30230130273402;4.785737483192002e-06
122.30243923205194;4.779728838465473e-06
122.30257698830398;4.773731506551836e-06
122.3027145718158;4.767745458987953e-06
122.3028519829122;4.761770667544244e-06
122.3029892219172;4.755807104032571e-06
122.303126289154;4.7498547402551955e-06
122.30326318494495;4.743913548197973e-06
122.30339990961167;4.737983499986489e-06
122.30353646347491;4.732064567635523e-06
122.30367284685465;4.726156723492935e-06
122.30380906007005;4.720259939795597e-06
122.3039451034395;4.714374188967936e-06
122.30408097728059;4.708499443517513e-06
122.30421668191009;4.702635675939284e-06
122.30435221764402;4.696782859011307e-06
122.3044875847976;4.690940965399658e-06
122.30462278368525;4.685109967905861e-06
122.30475781462061;4.679289839461891e-06
122.30489267791657;4.673480553135261e-06
122.30502737388522;4.66768208188189e-06
122.30516190283788;4.66189439898061e-06
122.30529626508509;4.656117477653089e-06
122.30543046093663;4.650351291153352e-06
122.30556449070153;4.644595812963369e-06
122.305698354688;4.638851016547913e-06
122.30583205320356;4.633116875505682e-06
122.3059655865549;4.627393363466937e-06
122.30609895504801;4.621680454190862e-06
122.3062321589881;4.615978121473502e-06
122.3063651986796;4.610286339282239e-06
122.30649807442624;4.6046050815238975e-06
122.30663078653097;4.59893432228071e-06
122.30676333529601;4.593274035715072e-06
122.30689572102281;4.58762419597393e-06
122.3070279440121;4.5819847774728905e-06
122.30716000456388;4.5763557545622166e-06
122.30729190297738;4.570737101628147e-06
122.30742363955113;4.5651287932271085e-06
122.3075552145829;4.559530804084948e-06
122.30768662836975;4.5539431087294265e-06
122.30781788120801;4.548365682042849e-06
122.30794897339327;4.54279849884428e-06
122.3080799052204;4.537241534032386e-06
122.30821067698355;4.531694762627368e-06
122.30834128897615;4.526158159726188e-06
122.30847174149093;4.52063170045482e-06
122.3086020348199;4.515115360015853e-06
122.30873216925433;4.5096091137799085e-06
122.3088621450848;4.504112937099708e-06
122.30899196260118;4.498626805450276e-06
122.30912162209265;4.493150694287705e-06
122.30925112384764;4.4876845792835175e-06
122.30938046815395;4.482228436131606e-06
122.3095096552986;4.476782240561572e-06
122.30963868556798;4.471345968323385e-06
122.30976755924773;4.465919595473973e-06
122.30989627662284;4.460503097823179e-06
122.31002483797758;4.455096451525435e-06
122.31015324359555;4.449699632670618e-06
122.31028149375965;4.444312617425056e-06
122.3104095887521;4.438935382068222e-06
122.31053752885444;4.433567902953267e-06
122.31066531434753;4.428210156459156e-06
122.31079294551154;4.422862119080587e-06
122.31092042262597;4.4175237673400236e-06
122.31104774596965;4.412195077873027e-06
122.31117491582071;4.406876027389084e-06
122.31130193245667;4.401566592620695e-06
122.31142879615433;4.396266750460199e-06
122.31155550718984;4.390976477734411e-06
122.31168206583867;4.385695751385639e-06
122.31180847237565;4.380424548561293e-06
122.31193472707493;4.37516284624982e-06
122.31206083021002;4.36991062178151e-06
122.31218678205374;4.364667852193061e-06
122.31231258287832;4.3594345149958335e-06
122.31243823295527;4.354210587406841e-06
122.31256373255549;4.348996047028982e-06
122.3126890819492;4.343790871258712e-06
122.312814281406;4.338595037745445e-06
122.31293933119484;4.333408524108917e-06
122.31306423158402;4.328231308086089e-06
122.3131889828412;4.323063367476487e-06
122.31331358523339;4.317904680059792e-06
122.31343803902699;4.312755223856801e-06
122.31356234448775;4.307614976779362e-06
122.31368650188078;4.302483916848098e-06
122.31381051147056;4.297362022235085e-06
122.31393437352096;4.292249271094242e-06
122.3140580882952;4.287145641728243e-06
122.31418165605587;4.28205111237317e-06
122.31430507706494;4.276965661373922e-06
122.3144283515838;4.2718892672748595e-06
122.31455147987316;4.266821908499989e-06
122.31467446219314;4.2617635635901216e-06
122.31479729880324;4.256714211277089e-06
122.31491998996235;4.251673830178992e-06
122.31504253592873;4.2466423989789354e-06
122.31516493696003;4.241619896688686e-06
122.31528719331332;4.236606302025375e-06
122.31540930524504;4.231601593992917e-06
122.31553127301102;4.226605751569978e-06
122.31565309686648;4.221618753879659e-06
122.31577477706608;4.216640579980654e-06
122.31589631386383;4.211671209077941e-06
122.31601770751317;4.206710620483166e-06
122.31613895826692;4.201758793436106e-06
122.31626006637732;4.196815707326363e-06
122.31638103209605;4.191881341647474e-06
122.31650185567412;4.1869556758211495e-06
122.31662253736201;4.18203868941712e-06
122.3167430774096;4.177130362068725e-06
122.31686347606617;4.172230673419243e-06
122.31698373358044;4.167339603263301e-06
122.31710385020051;4.1624571312788254e-06
122.31722382617393;4.157583237507674e-06
122.31734366174767;4.152717901703746e-06
122.3174633571681;4.147861103894561e-06
122.31758291268102;4.1430128240401476e-06
122.31770232853167;4.1381730423697975e-06
122.3178216049647;4.133341738917452e-06
122.31794074222421;4.128518893899793e-06
122.31805974055371;4.123704487595576e-06
122.31817860019615;4.118898500335967e-06
122.31829732139391;4.114100912512892e-06
122.31841590438881;4.109311704488036e-06
122.31853434942211;4.104530856810557e-06
122.3186526567345;4.099758349999123e-06
122.31877082656611;4.0949941647127886e-06
122.31888885915652;4.090238281544319e-06
122.31900675474475;4.085490681222405e-06
122.31912451356926;4.080751344533432e-06
122.31924213586797;4.0760202523203045e-06
122.31935962187823;4.071297385438353e-06
122.31947697183686;4.066582724882987e-06
122.31959418598012;4.06187625157712e-06
122.31971126454373;4.057177946585583e-06
122.31982820776284;4.052487791024881e-06
122.3199450158721;4.047805766068319e-06
122.32006168910556;4.043131852901166e-06
122.32017822769679;4.038466032805889e-06
122.32029463187878;4.033808287114064e-06
122.32041090188402;4.029158597175255e-06
122.32052703794442;4.024516944472922e-06
122.32064304029137;4.0198833103779165e-06
122.32075890915576;4.015257676565281e-06
122.3208746447679;4.010640024512637e-06
122.32099024735759;4.006030335915486e-06
122.32110571715411;4.001428592440311e-06
122.32122105438621;3.996834775850299e-06
122.32133625928212;3.992248867996667e-06
122.32145133206953;3.987670850662615e-06
122.3215662729756;3.983100705724616e-06
122.32168108222702;3.978538415233869e-06
122.3217957600499;3.97398396108652e-06
122.32191030666986;3.9694373254359774e-06
122.32202472231201;3.964898490407268e-06
122.32213900720093;3.960367438092223e-06
122.32225316156071;3.9558441506749546e-06
122.3223671856149;3.951328610471089e-06
122.32248107958655;3.946820799849145e-06
122.32259484369821;3.94232070110466e-06
122.32270847817192;3.9378282966237686e-06
122.32282198322919;3.933343568923295e-06
122.32293535909106;3.928866500533121e-06
122.32304860597806;3.924397073985982e-06
122.3231617241102;3.919935271870263e-06
122.32327471370698;3.915481076860875e-06
122.32338757498745;3.911034471724048e-06
122.32350030817013;3.906595439191369e-06
122.32361291347303;3.902163962008443e-06
122.3237253911137;3.897740023164193e-06
122.32383774130916;3.893323605460553e-06
122.32394996427598;3.888914691904348e-06
122.32406206023022;3.884513265473805e-06
122.32417402938742;3.880119309233464e-06
122.32428587196269;3.875732806295016e-06
122.32439758817061;3.8713537397804645e-06
122.3245091782253;3.866982092935379e-06
122.32462064234036;3.862617848898227e-06
122.32473198072897;3.8582609910886806e-06
122.32484319360377;3.853911502739832e-06
122.32495428117694;3.849569367325651e-06
122.32506524366019;3.845234568211065e-06
122.32517608126476;3.840907088885626e-06
122.32528679420139;3.83658691292657e-06
122.32539738268036;3.832274023835768e-06
122.32550784691149;3.8279684052836e-06
122.3256181871041;3.823670040903437e-06
122.32572840346705;3.8193789143786896e-06
122.32583849620876;3.815095009552224e-06
122.32594846553714;3.8108183101202864e-06
122.32605831165965;3.806548799978634e-06
122.3261680347833;3.8022864630291203e-06
122.32627763511461;3.798031283180834e-06
122.32638711285966;3.7937832444652157e-06
122.32649646822406;3.7895423308406856e-06
122.32660570141297;3.7853085264287636e-06
122.32671481263107;3.781081815316894e-06
122.3268238020826;3.7768621816763e-06
122.32693266997134;3.772649609718829e-06
122.32704141650062;3.7684440836682198e-06
122.3271500418733;3.7642455878255003e-06
122.3272585462918;3.760054106536071e-06
122.3273669299581;3.7558696241916372e-06
122.32747519307371;3.751692125146886e-06
122.3275833358397;3.74752159395709e-06
122.32769135845672;3.7433580150641817e-06
122.32779926112491;3.7392013731081135e-06
122.32790704404403;3.735051652578255e-06
122.32801470741336;3.7309088381242803e-06
122.32812225143175;3.7267729145130998e-06
122.32822967629761;3.722643866402676e-06
122.32833698220891;3.7185216785279405e-06
122.32844416936317;3.7144063357849215e-06
122.32855123795748;3.7102978229579055e-06
122.32865818818851;3.706196124946872e-06
122.32876502025249;3.7021012267339016e-06
122.32887173434519;3.6980131132277846e-06
122.32897833066195;3.693931769454461e-06
122.32908480939774;3.6898571805215746e-06
122.32919117074702;3.685789331459581e-06
122.32929741490386;3.681728207458414e-06
122.32940354206191;3.677673793669709e-06
122.32950955241436;3.6736260753254403e-06
122.32961544615402;3.6695850376988846e-06
122.32972122347324;3.665550666101555e-06
122.32982688456397;3.661522945812783e-06
122.32993242961771;3.6575018622997255e-06
122.33003785882556;3.6534874009584536e-06
122.33014317237821;3.6494795471885406e-06
122.33024837046591;3.645478286576634e-06
122.3303534532785;3.641483604640381e-06
122.33045842100542;3.6374954869706365e-06
122.33056327383565;3.6335139191623997e-06
122.33066801195781;3.6295388868865915e-06
122.33077263556008;3.6255703758554773e-06
122.33087714483024;3.621608371817596e-06
122.33098153995564;3.6176528604862755e-06
122.33108582112325;3.6137038278020375e-06
122.3311899885196;3.6097612594801295e-06
122.33129404233082;3.605825141538878e-06
122.33139798274267;3.6018954598448297e-06
122.33150180994045;3.5979722003445654e-06
122.3316055241091;3.5940553491304072e-06
122.33170912543312;3.590144892222212e-06
122.33181261409666;3.5862408156066924e-06
122.33191599028342;3.582343105561446e-06
122.33201925417673;3.5784517481500714e-06
122.3321224059595;3.57456672961604e-06
122.33222544581426;3.570688036170352e-06
122.33232837392313;3.566815654093041e-06
122.33243119046786;3.5629495697080526e-06
122.33253389562978;3.5590897693703825e-06
122.33263648958983;3.55523623940173e-06
122.33273897252857;3.551388966307955e-06
122.33284134462617;3.5475479364824515e-06
122.3329436060624;3.5437131364668425e-06
122.33304575701663;3.539884552764386e-06
122.33314779766788;3.5360621719552406e-06
122.33324972819474;3.532245980651075e-06
122.33335154877547;3.528435965501824e-06
122.33345325958787;3.5246321131211766e-06
122.33355486080943;3.520834410338365e-06
