0;0.0009932650865666767
1.01;0.0009755964389027296
2.02;0.0009583984950348816
3.0300000000000002;0.0009416466551630162
4.04;0.0009253412925945081
5.05;0.0009094589974475314
6.06;0.0008939852442533884
7.069999999999999;0.0008788983898796046
8.08;0.0008642007854267158
9.09;0.0008498717251585471
10.1;0.0008358989756951058
11.11;0.0008221886847962044
12.12;0.0008082826983840829
13.129999999999999;0.0007947343318073167
14.139999999999999;0.0007815311870697745
15.149999999999999;0.0007686614080294544
16.16;0.0007561136518054499
17.17;0.0007438770619521546
18.180000000000003;0.0007319412432752388
19.190000000000005;0.0007202962381752624
20.200000000000006;0.0007089325044120597
21.210000000000008;0.0006978408941929413
22.22000000000001;0.0006870126344929038
23.23000000000001;0.0006764393085258712
24.240000000000013;0.0006661128382883069
25.250000000000014;0.0006560254681042349
26.260000000000016;0.0006461697491067172
27.270000000000017;0.0006365385245941973
28.28000000000002;0.0006271249162048524
29.29000000000002;0.0006179223108574311
30.300000000000022;0.0006089243484095087
31.310000000000024;0.0006001249099876969
32.32000000000002;0.0005915181069486418
33.33000000000002;0.0005830982704311282
34.34000000000002;0.0005748599414633018
35.350000000000016;0.0005667978615912843
36.360000000000014;0.0005589069639975964
37.37000000000001;0.0005511823650800243
38.38000000000001;0.0005436193564637305
39.39000000000001;0.0005362133974212791
40.400000000000006;0.0005289601076757821
41.410000000000004;0.0005218552605665264
42.42;0.0005148947765547828
43.43;0.0005080747170509971
44.44;0.0005013912785453071
45.449999999999996;0.000494840787024032
46.459999999999994;0.0004884196926559582
47.46999999999999;0.00048212456473446927
48.47999999999999;0.000475952086860003
49.48999999999999;0.0004698990523509559
50.499999999999986;0.0004639623598701197
51.509999999999984;0.000458139009254832
52.51999999999998;0.00045242609754071294
53.52999999999998;0.0004468208151677665
54.53999999999998;0.00044132044236012714
55.549999999999976;0.00043592234566973496
56.559999999999974;0.0004306239746757797
57.56999999999997;0.00042542285883169327
58.57999999999997;0.0004203166044524316
59.58999999999997;0.00041530289183419134
60.599999999999966;0.0004103794725011903
61.609999999999964;0.00040554416657134296
62.61999999999996;0.00040079486023670755
63.62999999999996;0.00039612950335184366
64.63999999999996;0.0003915461071248903
65.64999999999996;0.00038704274190725035
66.65999999999997;0.00038261753507547153
67.66999999999997;0.00037826866900276065
68.67999999999998;0.0003739943791146015
69.68999999999998;0.000369792952024023
70.69999999999999;0.00036566272374488005
71.71;0.0003616020779767921
72.72;0.0003576094444606223
73.73;0.00035368329739950523
74.74000000000001;0.000349822153944057
75.75000000000001;0.00034602457273697255
76.76000000000002;0.00034228915251618703
77.77000000000002;0.00033861453077224283
78.78000000000003;0.00033499938245890124
79.79000000000003;0.0003314424187533933
80.80000000000004;0.00032794238586481006
81.81000000000004;0.00032449806388850744
82.82000000000005;0.00032110826570406803
83.83000000000006;0.00031777183591511523
84.84000000000006;0.00031448764982955726
85.85000000000007;0.0003112546124775344
86.86000000000007;0.00030807165766706917
87.87000000000008;0.00030493774707343135
88.88000000000008;0.0003018518693636826
89.89000000000009;0.00029881303935192616
90.90000000000009;0.0002958202971867703
91.9100000000001;0.0002928727075671457
92.9200000000001;0.0002899693589874638
93.9300000000001;0.0002871093630091532
94.94000000000011;0.00028429185355882545
95.95000000000012;0.0002815159862508277
96.96000000000012;0.000278780937734387
97.97000000000013;0.00027608590506332807
98.98000000000013;0.0002734301050878564
99.99000000000014;0.0002708127738676636
101.00000000000014;0.00026823316610551535
102.01000000000015;0.0002656905545998409
103.02000000000015;0.00026318422971672917
104.03000000000016;0.00026071349887945856
105.04000000000016;0.00025827768607540873
106.05000000000017;0.0002558761313801868
107.06000000000017;0.0002535081904967414
108.07000000000018;0.00025117323431086546
109.08000000000018;0.00024887064846071513
110.09000000000019;0.00024659983292120484
111.1000000000002;0.00024436020160164304
112.1100000000002;0.0002421511819567773
113.1200000000002;0.00023997221461039158
114.13000000000021;0.00023782275299124867
115.14000000000021;0.00023570226298077722
116.15000000000022;0.00023361022257190742
117.16000000000022;0.000231546121539106
118.17000000000023;0.0002295094611186186
119.18000000000023;0.00022749975369912236
120.19000000000024;0.0002255165225219033
121.20000000000024;0.0002235593013906491
122.21000000000025;0.00022162763439007857
123.22000000000025;0.0002197210756135029
124.23000000000026;0.0002178391888988671
125.24000000000026;0.00021598154757266315
126.25000000000027;0.00021414773420196627
127.26000000000028;0.00021233734035390567
128.27000000000027;0.00021054996636250505
129.28000000000026;0.0002087852211024538
130.29000000000025;0.0002070427217699631
131.30000000000024;0.00020532209366979547
132.31000000000023;0.00020362297000911197
133.32000000000022;0.00020194499169709395
134.3300000000002;0.00020028780715056327
135.3400000000002;0.0001986510721055604
136.3500000000002;0.00019703444943399646
137.36000000000018;0.00019543760896624765
138.37000000000018;0.0001938602273183911
139.38000000000017;0.00019230198772465204
140.39000000000016;0.0001907625798747306
141.40000000000015;0.0001892416997558301
142.41000000000014;0.00018773904949901478
143.42000000000013;0.00018625433723002866
144.43000000000012;0.0001847872769243288
145.4400000000001;0.00018333758826650265
146.4500000000001;0.00018190499651297412
147.4600000000001;0.00018048923235925758
148.47000000000008;0.00017909003181061192
149.48000000000008;0.00017770713605591167
150.49000000000007;0.00017634029134601175
151.50000000000006;0.0001749892488742605
152.51000000000005;0.00017365376466104953
153.52000000000004;0.00017233359944153595
154.53000000000003;0.00017102851855588843
155.54000000000002;0.00016973829184296205
156.55;0.0001684626935367541
157.56;0.00016720150216557465
158.57;0.00016595450045394017
159.57999999999998;0.0001647214752269394
160.58999999999997;0.00016350221731755278
161.59999999999997;0.00016229652147600317
162.60999999999996;0.00016110418628158794
163.61999999999995;0.00015992501405703833
164.62999999999994;0.00015875881078480762
165.63999999999993;0.00015760538602586064
166.64999999999992;0.00015646455284029355
167.6599999999999;0.0001553361277101722
168.6699999999999;0.00015421993046428747
169.6799999999999;0.00015311578420489964
170.68999999999988;0.00015202351523622306
171.69999999999987;0.00015094295299499256
172.70999999999987;0.00014987392998240347
173.71999999999986;0.00014881628169826947
174.72999999999985;0.0001477698465763297
175.73999999999984;0.00014673446592147413
176.74999999999983;0.00014570998384842815
177.75999999999982;0.00014469624722232558
178.7699999999998;0.00014369310559995827
179.7799999999998;0.00014270041117332024
180.7899999999998;0.00014171801871405956
181.79999999999978;0.00014074578551944981
182.80999999999977;0.00013978357135956753
183.81999999999977;0.00013883123842597998
184.82999999999976;0.00013788865128137618
185.83999999999975;0.00013695567681082805
186.84999999999974;0.0001360321841736857
187.85999999999973;0.0001351180447571941
188.86999999999972;0.0001342131321307074
189.8799999999997;0.00013331732200141778
190.8899999999997;0.00013243049217088099
191.8999999999997;0.00013155252249266128
192.90999999999968;0.00013068329483095268
193.91999999999967;0.00012982269302019923
194.92999999999967;0.0001289706028256796
195.93999999999966;0.000128126911904772
196.94999999999965;0.00012729150976971355
197.95999999999964;0.00012646428775044794
198.96999999999963;0.0001256451389590403
199.97999999999962;0.0001248339582542933
200.9899999999996;0.00012403064220776135
201.9999999999996;0.00012323508907004265
203.0099999999996;0.000122447198738161
204.01999999999958;0.00012166687272364899
205.02999999999957;0.00012089401412109536
206.03999999999957;0.00012012852757782938
207.04999999999956;0.00011937031926380783
208.05999999999955;0.00011861929684271931
209.06999999999954;0.00011787536944304932
210.07999999999953;0.0001171384476306495
211.08999999999952;0.000116408443381165
212.0999999999995;0.00011568527005334227
213.1099999999995;0.00011496884236301067
214.1199999999995;0.00011425907635764885
215.12999999999948;0.00011355588939126674
216.13999999999947;0.00011285920010015926
217.14999999999947;0.00011216892837889396
218.15999999999946;0.00011148499535698572
219.16999999999945;0.00011080732337607114
220.17999999999944;0.00011013583596769012
221.18999999999943;0.00010947045783099721
222.19999999999942;0.00010881111481185886
223.2099999999994;0.00010815773388147663
224.2199999999994;0.00010751024311629041
225.2299999999994;0.00010686857167738855
226.23999999999938;0.00010623264979148305
227.24999999999937;0.00010560240873112994
228.25999999999937;0.00010497778079620919
229.26999999999936;0.00010435869929547085
230.27999999999935;0.00010374509852848306
231.28999999999934;0.00010313691376776775
232.29999999999933;0.00010253408124179512
233.30999999999932;0.00010193653811780576
234.3199999999993;0.00010134422248564129
235.3299999999993;0.00010075707334076584
236.3399999999993;0.00010017503056906435
237.34999999999928;9.959803493073725e-05
238.35999999999927;9.90260280455643e-05
239.36999999999927;9.845895237738922e-05
240.37999999999926;9.789675121982797e-05
241.38999999999925;9.733936868173873e-05
242.39999999999924;9.678674967322328e-05
243.40999999999923;9.62388398919498e-05
244.41999999999922;9.569558580939765e-05
245.4299999999992;9.515693465777702e-05
246.4399999999992;9.462283441705816e-05
247.4499999999992;9.409323380226534e-05
248.45999999999918;9.35680822509822e-05
249.46999999999917;9.304732991094614e-05
250.47999999999917;9.253092762859255e-05
251.48999999999916;9.2018826936626e-05
252.49999999999915;9.151098004314173e-05
253.50999999999914;9.100733981997884e-05
254.51999999999913;9.050785979154623e-05
255.52999999999912;9.001249412450382e-05
256.5399999999991;8.952119761660266e-05
257.5499999999991;8.903392568635592e-05
258.5599999999991;8.855063436305906e-05
259.5699999999991;8.80712802765576e-05
260.5799999999991;8.759582064730093e-05
261.58999999999907;8.712421327691951e-05
262.59999999999906;8.665641653860124e-05
263.60999999999905;8.619238936791015e-05
264.61999999999904;8.573209125354671e-05
265.62999999999903;8.527548222855586e-05
266.639999999999;8.482252286129444e-05
267.649999999999;8.437317424717021e-05
268.659999999999;8.392739799994784e-05
269.669999999999;8.348515624350227e-05
270.679999999999;8.3046411603805e-05
271.689999999999;8.261112720068133e-05
272.69999999999897;8.217926664036384e-05
273.70999999999896;8.175079400739193e-05
274.71999999999895;8.132567385729669e-05
275.72999999999894;8.090387120919109e-05
276.73999999999893;8.048535153845756e-05
277.7499999999989;8.007008076947695e-05
278.7599999999989;7.965802526895128e-05
279.7699999999989;7.924915183858058e-05
280.7799999999989;7.884342770870837e-05
281.7899999999989;7.844082053143089e-05
282.7999999999989;7.804129837421972e-05
283.80999999999887;7.764482971335612e-05
284.81999999999886;7.725138342796167e-05
285.82999999999885;7.686092879338131e-05
286.83999999999884;7.647343547554396e-05
287.84999999999883;7.608887352478557e-05
288.8599999999988;7.570721337012761e-05
289.8699999999988;7.532842581324459e-05
290.8799999999988;7.495248202325774e-05
291.8899999999988;7.45793535308995e-05
292.8999999999988;7.420901222310043e-05
293.9099999999988;7.384143033778472e-05
294.91999999999877;7.347658045833641e-05
295.92999999999876;7.31144355088746e-05
296.93999999999875;7.275496874868167e-05
297.94999999999874;7.239815376766511e-05
298.95999999999873;7.204396448098683e-05
299.9699999999987;7.169237512476181e-05
300.9799999999987;7.134336025103176e-05
301.9899999999987;7.099689472308622e-05
302.9999999999987;7.065295371089302e-05
304.0099999999987;7.031151268695781e-05
305.0199999999987;6.997254742145543e-05
306.02999999999867;6.963603397807598e-05
307.03999999999866;6.930194870975799e-05
308.04999999999865;6.897026825451413e-05
309.05999999999864;6.864096953128286e-05
310.06999999999863;6.831402973588395e-05
311.0799999999986;6.79894263370697e-05
312.0899999999986;6.76671370724329e-05
313.0999999999986;6.734713994482964e-05
314.1099999999986;6.70294132184226e-05
315.1199999999986;6.671393541498163e-05
316.1299999999986;6.640068531010605e-05
317.13999999999857;6.608964192993886e-05
318.14999999999856;6.578078454725389e-05
319.15999999999855;6.547409267828687e-05
320.16999999999854;6.516954607897631e-05
321.17999999999853;6.48671247419691e-05
322.1899999999985;6.456680889311633e-05
323.1999999999985;6.426857898796466e-05
324.2099999999985;6.39724157091642e-05
325.2199999999985;6.367829996264477e-05
326.2299999999985;6.338621287495232e-05
327.2399999999985;6.30961357900203e-05
328.24999999999847;6.28080502662206e-05
329.25999999999846;6.2521938073396e-05
330.26999999999845;6.223778118988143e-05
331.27999999999844;6.195556179976716e-05
332.28999999999843;6.167526228994021e-05
333.2999999999984;6.139686524757348e-05
334.3099999999984;6.112035345697994e-05
335.3199999999984;6.0845709897295656e-05
336.3299999999984;6.0572917739656e-05
337.3399999999984;6.030196034472958e-05
338.3499999999984;6.0032821259998474e-05
339.35999999999837;5.976548421733631e-05
340.36999999999836;5.9499933130505686e-05
341.37999999999835;5.9236152092718574e-05
342.38999999999834;5.897412537428909e-05
343.39999999999833;5.8713837420240667e-05
344.4099999999983;5.8455272847795845e-05
345.4199999999983;5.8198416444472054e-05
346.4299999999983;5.7943253165421966e-05
347.4399999999983;5.768976813151513e-05
348.4499999999983;5.7437946626919036e-05
349.4599999999983;5.7187774097181185e-05
350.46999999999827;5.6939236146895093e-05
351.47999999999826;5.669231853770563e-05
352.48999999999825;5.644700718630954e-05
353.49999999999824;5.6203288162361943e-05
354.50999999999823;5.5961147686418e-05
355.5199999999982;5.5720572128130775e-05
356.5299999999982;5.548154800416749e-05
357.5399999999982;5.5244061976471015e-05
358.5499999999982;5.5008100850160375e-05
359.5599999999982;5.477365157192935e-05
360.5699999999982;5.454070122799231e-05
361.57999999999817;5.430923704252394e-05
362.58999999999816;5.407924637567205e-05
363.59999999999815;5.385071672199945e-05
364.60999999999814;5.3623635708673275e-05
365.61999999999813;5.339799109372488e-05
366.6299999999981;5.317377076464872e-05
367.6399999999981;5.2950962736386e-05
368.6499999999981;5.272955515002637e-05
369.6599999999981;5.250953627102388e-05
370.6699999999981;5.229089448773491e-05
371.6799999999981;5.207361830986998e-05
372.68999999999807;5.1857696366936996e-05
373.69999999999806;5.1643117406656784e-05
374.70999999999805;5.1429870293764665e-05
375.71999999999804;5.121794400810629e-05
376.72999999999803;5.10073276438255e-05
377.739999999998;5.0798010407238104e-05
378.749999999998;5.058998161608964e-05
379.759999999998;5.038323069767992e-05
380.769999999998;5.017774718783204e-05
381.779999999998;4.9973520729428345e-05
382.789999999998;4.9770541071051806e-05
383.79999999999797;4.956879806580727e-05
384.80999999999796;4.936828167005862e-05
385.81999999999795;4.9168981942039616e-05
386.82999999999794;4.897088904049836e-05
387.83999999999793;4.8773993224048826e-05
388.8499999999979;4.857828484913634e-05
389.8599999999979;4.838375436955542e-05
390.8699999999979;4.819039233496178e-05
391.8799999999979;4.7998189389666185e-05
392.8899999999979;4.7807136271685266e-05
393.8999999999979;4.7617223811477586e-05
394.90999999999786;4.742844293080808e-05
395.91999999999786;4.724078464182306e-05
396.92999999999785;4.705424004586726e-05
397.93999999999784;4.686880033235593e-05
398.94999999999783;4.668445677790504e-05
399.9599999999978;4.650120074508692e-05
400.9699999999978;4.6319023681573095e-05
401.9799999999978;4.613791711907221e-05
402.9899999999978;4.595787267235903e-05
403.9999999999978;4.577888203817491e-05
405.0099999999978;4.5600936994606196e-05
406.01999999999776;4.5424029399690796e-05
407.02999999999776;4.524815119070991e-05
408.03999999999775;4.5073294383367916e-05
409.04999999999774;4.4899451070619805e-05
410.05999999999773;4.472661342191471e-05
411.0699999999977;4.455477368235333e-05
412.0799999999977;4.4383924171831095e-05
413.0899999999977;4.4214057283978634e-05
414.0999999999977;4.4045165485401325e-05
415.1099999999977;4.387724131503554e-05
416.1199999999977;4.371027738308408e-05
417.12999999999766;4.3544266370134746e-05
418.13999999999766;4.3379201026609434e-05
419.14999999999765;4.321507417199201e-05
420.15999999999764;4.305187869356428e-05
421.16999999999763;4.2889607546241935e-05
422.1799999999976;4.272825375140871e-05
423.1899999999976;4.2567810396302935e-05
424.1999999999976;4.240827063324631e-05
425.2099999999976;4.224962767892686e-05
426.2199999999976;4.209187481361831e-05
427.2299999999976;4.193500538062475e-05
428.23999999999756;4.177901278525871e-05
429.24999999999756;4.162389049462639e-05
430.25999999999755;4.1469632036353246e-05
431.26999999999754;4.1316230998384065e-05
432.27999999999753;4.116368102810534e-05
433.2899999999975;4.1011975831737184e-05
434.2999999999975;4.086110917352783e-05
435.3099999999975;4.0711074875422496e-05
436.3199999999975;4.056186681616115e-05
437.3299999999975;4.041347893066941e-05
438.3399999999975;4.026590520952787e-05
439.34999999999746;4.0119139698471554e-05
440.35999999999746;3.997317649747423e-05
441.36999999999745;3.9828009760424306e-05
442.37999999999744;3.968363369431132e-05
443.3899999999974;3.95400425589766e-05
444.3999999999974;3.9397230666159475e-05
445.4099999999974;3.925519237920973e-05
446.4199999999974;3.911392211231157e-05
447.4299999999974;3.897341433014068e-05
448.4399999999974;3.88336635472248e-05
449.4499999999974;3.869466432733425e-05
450.45999999999736;3.8556411283035855e-05
451.46999999999736;3.841889907519797e-05
452.47999999999735;3.828212241242456e-05
453.48999999999734;3.814607605039726e-05
454.4999999999973;3.801075479167487e-05
455.5099999999973;3.787615348503978e-05
456.5199999999973;3.774226702496418e-05
457.5299999999973;3.7609090351017716e-05
458.5399999999973;3.747661844773787e-05
459.5499999999973;3.734484634386123e-05
460.5599999999973;3.7213769111951885e-05
461.56999999999726;3.708338186783908e-05
462.57999999999726;3.695367977037588e-05
463.58999999999725;3.682465802075504e-05
464.59999999999724;3.669631186225268e-05
465.6099999999972;3.6568636579657124e-05
466.6199999999972;3.6441627498813136e-05
467.6299999999972;3.631527998636519e-05
468.6399999999972;3.6189589449155714e-05
469.6499999999972;3.6064551333894844e-05
470.6599999999972;3.594016112665137e-05
471.6699999999972;3.5816414352737015e-05
472.67999999999716;3.5693306575727165e-05
473.68999999999716;3.5570833397764075e-05
474.69999999999715;3.544899045857474e-05
475.70999999999714;3.532777343542768e-05
476.7199999999971;3.520717804254389e-05
477.7299999999971;3.5087200030923985e-05
478.7399999999971;3.496783518780277e-05
479.7499999999971;3.4849079336365336e-05
480.7599999999971;3.473092833529324e-05
481.7699999999971;3.461337807844524e-05
482.7799999999971;3.449642449458423e-05
483.78999999999706;3.4380063546901024e-05
484.79999999999706;3.4264291232706736e-05
485.80999999999705;3.4149103583027756e-05
486.81999999999704;3.403449666251722e-05
487.829999999997;3.3920466568691146e-05
488.839999999997;3.380700943208804e-05
489.849999999997;3.369412141537597e-05
490.859999999997;3.3581798713595645e-05
491.869999999997;3.347003755348173e-05
492.879999999997;3.335883419310988e-05
493.889999999997;3.3248184921966646e-05
494.89999999999696;3.3138086060124474e-05
495.90999999999696;3.302853395840973e-05
496.91999999999695;3.2919524997665086e-05
497.92999999999694;3.281105558884089e-05
498.9399999999969;3.2703122172439186e-05
499.9499999999969;3.25957212182691e-05
500.9599999999969;3.248884922531615e-05
501.9699999999969;3.2382502721170386e-05
502.9799999999969;3.227667826204021e-05
503.9899999999969;3.2171372432207254e-05
504.9999999999969;3.206658184401311e-05
506.00999999999686;3.196230313729738e-05
507.01999999999686;3.185853297940182e-05
508.02999999999685;3.175526806471671e-05
509.03999999999684;3.1652505114486765e-05
510.0499999999968;3.155024087659224e-05
511.0599999999968;3.144847212517046e-05
512.0699999999969;3.1347195660402075e-05
513.0799999999969;3.124640830842715e-05
514.0899999999968;3.114610692075318e-05
515.0999999999968;3.1046288374441216e-05
516.1099999999968;3.0946949571388335e-05
517.1199999999968;3.0848087438546306e-05
518.1299999999968;3.074969892728794e-05
519.1399999999968;3.065178101344027e-05
520.1499999999968;3.055433069696883e-05
521.1599999999968;3.0457345001673734e-05
522.1699999999968;3.0360820975047192e-05
523.1799999999968;3.0264755688078408e-05
524.1899999999968;3.0169146234842322e-05
525.1999999999967;3.0073989732540964e-05
526.2099999999967;2.99792833210986e-05
527.2199999999967;2.9885024162999966e-05
528.2299999999967;2.979120944315729e-05
529.2399999999967;2.9697836368465482e-05
530.2499999999967;2.9604902167883208e-05
531.2599999999967;2.9512404092106552e-05
532.2699999999967;2.9420339413164244e-05
533.2799999999967;2.9328705424669515e-05
534.2899999999967;2.9237499441133624e-05
535.2999999999967;2.914671879810094e-05
536.3099999999966;2.9056360851845466e-05
537.3199999999966;2.8966422979081177e-05
538.3299999999966;2.88769025769562e-05
539.3399999999966;2.8787797062685254e-05
540.3499999999966;2.8699103873548334e-05
541.3599999999966;2.861082046652168e-05
542.3699999999966;2.8522944318230564e-05
543.3799999999966;2.8435472924646057e-05
544.3899999999966;2.8348403801056683e-05
545.3999999999966;2.826173448174037e-05
546.4099999999966;2.8175462519921096e-05
547.4199999999965;2.808958548747549e-05
548.4299999999965;2.8004100974824722e-05
549.4399999999965;2.7919006590848762e-05
550.4499999999965;2.7834299962482484e-05
551.4599999999965;2.7749978734751622e-05
552.4699999999965;2.7666040570591234e-05
553.4799999999965;2.758248315063043e-05
554.4899999999965;2.749930417303881e-05
555.4999999999965;2.741650135333356e-05
556.5099999999965;2.7334072424322832e-05
557.5199999999965;2.725201513582054e-05
558.5299999999964;2.7170327254624145e-05
559.5399999999964;2.7089006564285625e-05
560.5499999999964;2.7008050864941243e-05
561.5599999999964;2.6927457973187553e-05
562.5699999999964;2.6847225721976662e-05
563.5799999999964;2.676735196045646e-05
564.5899999999964;2.6687834553699266e-05
565.5999999999964;2.66086713828034e-05
566.6099999999964;2.652986034446056e-05
567.6199999999964;2.6451399351038276e-05
568.6299999999964;2.637328633043256e-05
569.6399999999963;2.629551922576204e-05
570.6499999999963;2.6218095995339253e-05
571.6599999999963;2.6141014612656397e-05
572.6699999999963;2.6064273065936995e-05
573.6799999999963;2.598786935835585e-05
574.6899999999963;2.591180150762203e-05
575.6999999999963;2.5836067546134062e-05
576.7099999999963;2.5760665520536362e-05
577.7199999999963;2.568559349184474e-05
578.7299999999963;2.5610849535135974e-05
579.7399999999963;2.553643173974078e-05
580.7499999999962;2.546233820847027e-05
581.7599999999962;2.5388567058419448e-05
582.7699999999962;2.531511641991778e-05
583.7799999999962;2.5241984437202676e-05
584.7899999999962;2.5169169267652357e-05
585.7999999999962;2.5096669082053394e-05
586.8099999999962;2.5024482064485992e-05
587.8199999999962;2.4952606411954554e-05
588.8299999999962;2.4881040334540715e-05
589.8399999999962;2.4809782055077252e-05
590.8499999999962;2.473882980937657e-05
591.8599999999961;2.4668181845542166e-05
592.8699999999961;2.4597836424492153e-05
593.8799999999961;2.452779181941292e-05
594.8899999999961;2.4458046315839803e-05
595.8999999999961;2.438859821155272e-05
596.9099999999961;2.4319445816353508e-05
597.9199999999961;2.4250587452198008e-05
598.9299999999961;2.4182021452790424e-05
599.9399999999961;2.4113746163615952e-05
600.9499999999961;2.40457599420054e-05
601.9599999999961;2.3978061156754726e-05
602.969999999996;2.3910648188245472e-05
603.979999999996;2.3843519428241195e-05
604.989999999996;2.3776673279732273e-05
605.999999999996;2.3710108157133936e-05
607.009999999996;2.3643822485650226e-05
608.019999999996;2.357781470173415e-05
609.029999999996;2.3512083252741863e-05
610.039999999996;2.344662659690913e-05
611.049999999996;2.3381443203067882e-05
612.059999999996;2.331653155087949e-05
613.069999999996;2.3251890130363025e-05
614.079999999996;2.31875174423069e-05
615.0899999999959;2.3123411997678092e-05
616.0999999999959;2.3059572317801018e-05
617.1099999999959;2.2995996934196107e-05
618.1199999999959;2.293268438862107e-05
619.1299999999959;2.286963323274455e-05
620.1399999999959;2.280684202842309e-05
621.1499999999959;2.274430934708687e-05
622.1599999999959;2.268203377024569e-05
623.1699999999959;2.262001388899625e-05
624.1799999999959;2.2558248304121672e-05
625.1899999999958;2.2496735626066276e-05
626.1999999999958;2.2435474474510037e-05
627.2099999999958;2.2374463478818614e-05
628.2199999999958;2.2313701277499377e-05
629.2299999999958;2.225318651839874e-05
630.2399999999958;2.2192917858549247e-05
631.2499999999958;2.2132893964051213e-05
632.2599999999958;2.2073113510090088e-05
633.2699999999958;2.2013575180842954e-05
634.2799999999958;2.195427766918766e-05
635.2899999999958;2.1895219677027826e-05
636.2999999999957;2.1836399914817176e-05
637.3099999999957;2.1777817101897833e-05
638.3199999999957;2.1719469966083438e-05
639.3299999999957;2.166135724375427e-05
640.3399999999957;2.1603477679690754e-05
641.3499999999957;2.1545830027163074e-05
642.3599999999957;2.1488413047750887e-05
643.3699999999957;2.1431225511174843e-05
644.3799999999957;2.1374266195608385e-05
645.3899999999957;2.1317533887120154e-05
646.3999999999957;2.126102737988924e-05
647.4099999999956;2.120474547618256e-05
648.4199999999956;2.1148686986198077e-05
649.4299999999956;2.1092850727876634e-05
650.4399999999956;2.1037235527128852e-05
651.4499999999956;2.0981840217538863e-05
652.4599999999956;2.0926663640368404e-05
653.4699999999956;2.087170464455079e-05
654.4799999999956;2.0816962086619507e-05
655.4899999999956;2.0762434830447994e-05
656.4999999999956;2.0708121747552997e-05
657.5099999999956;2.0654021716778995e-05
658.5199999999955;2.060013362423902e-05
659.5299999999955;2.0546456363404453e-05
660.5399999999955;2.0492988834908337e-05
661.5499999999955;2.0439729946578014e-05
662.5599999999955;2.038667861339022e-05
663.5699999999955;2.033383375724921e-05
664.5799999999955;2.0281194307202084e-05
665.5899999999955;2.0228759199070886e-05
666.5999999999955;2.0176527375700955e-05
667.6099999999955;2.0124497786707893e-05
668.6199999999955;2.007266938853421e-05
669.6299999999954;2.002104114432757e-05
670.6399999999954;1.9969612023857586e-05
671.6499999999954;1.991838100365359e-05
672.6599999999954;1.986734706660352e-05
673.6699999999954;1.981650920236332e-05
674.6799999999954;1.976586640689465e-05
675.6899999999954;1.9715417682624205e-05
676.6999999999954;1.9665162038385018e-05
677.7099999999954;1.9615098489280605e-05
678.7199999999954;1.9565226056773862e-05
679.7299999999954;1.9515543768449432e-05
680.7399999999953;1.9466050658110024e-05
681.7499999999953;1.941674576577589e-05
682.7599999999953;1.936762813745416e-05
683.7699999999953;1.9318696825221172e-05
684.7799999999953;1.9269950887144338e-05
685.7899999999953;1.9221389387276127e-05
686.7999999999953;1.9173011395513887e-05
687.8099999999953;1.9124815987701855e-05
688.8199999999953;1.907680224539595e-05
689.8299999999953;1.9028969255954877e-05
690.8399999999953;1.8981316112557022e-05
691.8499999999952;1.8933841913909916e-05
692.8599999999952;1.888654576449824e-05
693.8699999999952;1.8839426774296635e-05
694.8799999999952;1.879248405898165e-05
695.8899999999952;1.874571673957794e-05
696.8999999999952;1.8699123942735993e-05
697.9099999999952;1.8652704800419212e-05
698.9199999999952;1.860645845003247e-05
699.9299999999952;1.856038403432482e-05
700.9399999999952;1.851448070143778e-05
701.9499999999952;1.8468747604686467e-05
702.9599999999951;1.842318390266287e-05
703.9699999999951;1.8377788759090896e-05
704.9799999999951;1.8332561342946715e-05
705.9899999999951;1.828750082830738e-05
706.9999999999951;1.824260639428128e-05
708.0099999999951;1.8197877225057025e-05
709.0199999999951;1.815331250977853e-05
710.0299999999951;1.810891144273099e-05
711.0399999999951;1.806467322289775e-05
712.0499999999951;1.8020597054238034e-05
713.0599999999951;1.7976682145712395e-05
714.069999999995;1.7932927710950866e-05
715.079999999995;1.7889332968320705e-05
716.089999999995;1.784589714126511e-05
717.099999999995;1.780261945747658e-05
718.109999999995;1.7759499149781092e-05
719.119999999995;1.7716535455379127e-05
720.129999999995;1.7673727616126037e-05
721.139999999995;1.7631074878588655e-05
722.149999999995;1.7588576493744593e-05
723.159999999995;1.75462317171716e-05
724.169999999995;1.750403980892839e-05
725.179999999995;1.746200003346678e-05
726.1899999999949;1.7420111659706586e-05
727.1999999999949;1.737837396099008e-05
728.2099999999949;1.733678621496509e-05
729.2199999999949;1.729534770360042e-05
730.2299999999949;1.7254057713194315e-05
731.2399999999949;1.7212915534265168e-05
732.2499999999949;1.7171920461637963e-05
733.2599999999949;1.7131071794295673e-05
734.2699999999949;1.7090368835344778e-05
735.2799999999949;1.7049810892203718e-05
736.2899999999948;1.7009397276130273e-05
737.2999999999948;1.6969127302774797e-05
738.3099999999948;1.692900029161101e-05
739.3199999999948;1.6889015566272176e-05
740.3299999999948;1.6849172454286753e-05
741.3399999999948;1.6809470287243726e-05
742.3499999999948;1.6769908400661308e-05
743.3599999999948;1.6730486133921317e-05
744.3699999999948;1.6691202830334725e-05
745.3799999999948;1.66520578370591e-05
746.3899999999948;1.661305050504206e-05
747.3999999999947;1.6574180189150656e-05
748.4099999999947;1.6535446247857375e-05
749.4199999999947;1.649684804359255e-05
750.4299999999947;1.645838494237833e-05
751.4399999999947;1.642005631388865e-05
752.4499999999947;1.6381861531634036e-05
753.4599999999947;1.6343799972634606e-05
754.4699999999947;1.630587101757812e-05
755.4799999999947;1.6268074050821306e-05
756.4899999999947;1.6230408460122685e-05
757.4999999999947;1.6192873636903807e-05
758.5099999999946;1.61554689761922e-05
759.5199999999946;1.6118193876293994e-05
760.5299999999946;1.60810477392337e-05
761.5399999999946;1.604402997027458e-05
762.5499999999946;1.6007139978184162e-05
763.5599999999946;1.597037717516612e-05
764.5699999999946;1.593374097679514e-05
765.5799999999946;1.5897230801956513e-05
766.5899999999946;1.5860846072949132e-05
767.5999999999946;1.5824586215245718e-05
768.6099999999946;1.5788450657726223e-05
769.6199999999945;1.5752438832489455e-05
770.6299999999945;1.5716550174911143e-05
771.6399999999945;1.5680784123499843e-05
772.6499999999945;1.5645140120037443e-05
773.6599999999945;1.5609617609519695e-05
774.6699999999945;1.5574216039961074e-05
775.6799999999945;1.553893486259955e-05
776.6899999999945;1.5503773531804806e-05
777.6999999999945;1.546873150499887e-05
778.7099999999945;1.5433808242665734e-05
779.7199999999945;1.5399003208335547e-05
780.7299999999944;1.5364315868560665e-05
781.7399999999944;1.5329745692970458e-05
782.7499999999944;1.5295292154104137e-05
783.7599999999944;1.5260954727497336e-05
784.7699999999944;1.5226732891627311e-05
785.7799999999944;1.5192626127860772e-05
786.7899999999944;1.5158633920541644e-05
787.7999999999944;1.5124755756850715e-05
788.8099999999944;1.5090991126919477e-05
789.8199999999944;1.5057339523568607e-05
790.8299999999944;1.5023800442591044e-05
791.8399999999943;1.4990373382555665e-05
792.8499999999943;1.4957057844740714e-05
793.8599999999943;1.4923853333378063e-05
794.8699999999943;1.4890759355232954e-05
795.8799999999943;1.4857775419943094e-05
796.8899999999943;1.4824901039870936e-05
797.8999999999943;1.4792135730031723e-05
798.9099999999943;1.4759479008157626e-05
799.9199999999943;1.4726930394604051e-05
800.9299999999943;1.469448941236802e-05
801.9399999999943;1.4662155587145734e-05
802.9499999999942;1.4629928447172129e-05
803.9599999999942;1.4597807523306645e-05
804.9699999999942;1.4565792349019443e-05
805.9799999999942;1.4533882460261958e-05
806.9899999999942;1.450207739564247e-05
807.9999999999942;1.4470376696101074e-05
809.0099999999942;1.4438779905381997e-05
810.0199999999942;1.4407286569426388e-05
811.0299999999942;1.4375896236831992e-05
812.0399999999942;1.4344608458619747e-05
813.0499999999942;1.431342278821163e-05
814.0599999999941;1.4282338781566942e-05
815.0699999999941;1.4251355996876304e-05
816.0799999999941;1.4220473994898169e-05
817.0899999999941;1.4189692338743868e-05
818.0999999999941;1.4159010593769637e-05
819.1099999999941;1.4128428327828959e-05
820.1199999999941;1.4097945111070482e-05
821.1299999999941;1.406756051592815e-05
822.1399999999941;1.4037274117094186e-05
823.1499999999941;1.4007085491736786e-05
824.159999999994;1.3976994219112321e-05
825.169999999994;1.3946999880807943e-05
826.179999999994;1.3917102060655853e-05
827.189999999994;1.3887300344751512e-05
828.199999999994;1.3857594321335216e-05
829.209999999994;1.38279835809529e-05
830.219999999994;1.379846771623141e-05
831.229999999994;1.3769046322042947e-05
832.239999999994;1.373971899541303e-05
833.249999999994;1.371048533544679e-05
834.259999999994;1.368134494351758e-05
835.269999999994;1.3652297423013334e-05
836.279999999994;1.3623342379421956e-05
837.2899999999939;1.3594479420434626e-05
838.2999999999939;1.3565708155669404e-05
839.3099999999939;1.3537028196922137e-05
840.3199999999939;1.3508439158035573e-05
841.3299999999939;1.347994065481963e-05
842.3399999999939;1.3451532305215989e-05
843.3499999999939;1.3423213729072416e-05
844.3599999999939;1.3394984548307184e-05
845.3699999999939;1.3366844386825564e-05
846.3799999999939;1.3338792870502107e-05
847.3899999999938;1.3310829627179878e-05
848.3999999999938;1.3282954286582727e-05
849.4099999999938;1.3255166480500468e-05
850.4199999999938;1.3227465842587177e-05
851.4299999999938;1.3199852008376328e-05
852.4399999999938;1.3172324615365074e-05
853.4499999999938;1.3144883302906424e-05
854.4599999999938;1.3117527712237181e-05
855.4699999999938;1.3090257486518515e-05
856.4799999999938;1.3063072270639561e-05
857.4899999999938;1.3035971711491478e-05
858.4999999999937;1.3008955457667094e-05
859.5099999999937;1.298202315967654e-05
860.5199999999937;1.2955174469807671e-05
861.5299999999937;1.2928409042074494e-05
862.5399999999937;1.2901726532379745e-05
863.5499999999937;1.2875126598368624e-05
864.5599999999937;1.2848608899511537e-05
865.5699999999937;1.2822173096836656e-05
866.5799999999937;1.2795818853380588e-05
867.5899999999937;1.2769545833705025e-05
868.5999999999937;1.2743353704233427e-05
869.6099999999936;1.271724213309358e-05
870.6199999999936;1.2691210789852032e-05
871.6299999999936;1.266525934622261e-05
872.6399999999936;1.26393874752676e-05
873.6499999999936;1.2613594851725085e-05
874.6599999999936;1.2587881152177428e-05
875.6699999999936;1.2562246054797662e-05
876.6799999999936;1.253668923919825e-05
877.6899999999936;1.2511210386879294e-05
878.6999999999936;1.248580918095765e-05
879.7099999999936;1.2460485305900973e-05
880.7199999999935;1.2435238448034115e-05
881.7299999999935;1.2410068295138951e-05
882.7399999999935;1.2384974536708859e-05
883.7499999999935;1.2359956863607515e-05
884.7599999999935;1.2335014968391936e-05
885.7699999999935;1.2310148545234358e-05
886.7799999999935;1.2285357289652346e-05
887.7899999999935;1.2260640898950272e-05
888.7999999999935;1.2235999071701124e-05
889.8099999999935;1.221143150812063e-05
890.8199999999935;1.2186937910050877e-05
891.8299999999934;1.2162517980578575e-05
892.8399999999934;1.2138171424342992e-05
893.8499999999934;1.2113897947703112e-05
894.8599999999934;1.2089697258116252e-05
895.8699999999934;1.2065569064873354e-05
896.8799999999934;1.2041513078406178e-05
897.8899999999934;1.2017529010767094e-05
898.8999999999934;1.1993616575388021e-05
899.9099999999934;1.1969775487060816e-05
900.9199999999934;1.1946005462179295e-05
901.9299999999934;1.1922306218422266e-05
902.9399999999933;1.189867747486414e-05
903.9499999999933;1.187511895197649e-05
904.9599999999933;1.1851630371667312e-05
905.9699999999933;1.1828211457105367e-05
906.9799999999933;1.1804861933004473e-05
907.9899999999933;1.1781581525255472e-05
908.9999999999933;1.1758369961277432e-05
910.0099999999933;1.173522696965648e-05
911.0199999999933;1.1712152280490356e-05
912.0299999999933;1.1689145625021513e-05
913.0399999999933;1.1666206735934818e-05
914.0499999999932;1.1643335347286075e-05
915.0599999999932;1.162053119419286e-05
916.0699999999932;1.1597794013365602e-05
917.0799999999932;1.157512354262441e-05
918.0899999999932;1.155251952107366e-05
919.0999999999932;1.1529981689206458e-05
920.1099999999932;1.1507509788662325e-05
921.1199999999932;1.1485103562336029e-05
922.1299999999932;1.1462762754499112e-05
923.1399999999932;1.1440487110541448e-05
924.1499999999932;1.1418276377152136e-05
925.1599999999931;1.1396130302303592e-05
926.1699999999931;1.137404863507641e-05
927.1799999999931;1.135203112581995e-05
928.1899999999931;1.133007752603961e-05
929.1999999999931;1.1308187588609023e-05
930.2099999999931;1.128636106742676e-05
931.2199999999931;1.126459771757286e-05
932.2299999999931;1.1242897295486026e-05
933.2399999999931;1.1221259558542158e-05
934.2499999999931;1.1199684265572783e-05
935.259999999993;1.117817117622508e-05
936.269999999993;1.1156720051587058e-05
937.279999999993;1.1135330653775142e-05
938.289999999993;1.1114002745989638e-05
939.299999999993;1.109273609273696e-05
940.309999999993;1.1071530459474002e-05
941.319999999993;1.1050385612896006e-05
942.329999999993;1.1029301320752714e-05
943.339999999993;1.1008277351959374e-05
944.349999999993;1.0987313476415983e-05
945.359999999993;1.0966409465234364e-05
946.369999999993;1.0945565090610326e-05
947.379999999993;1.0924780125714261e-05
948.3899999999929;1.0904054345010096e-05
949.3999999999929;1.0883387523758438e-05
950.4099999999929;1.0862779438391671e-05
951.4199999999929;1.0842229866621899e-05
952.4299999999929;1.0821738586825616e-05
953.4399999999929;1.0801305378703465e-05
954.4499999999929;1.0780930022938305e-05
955.4599999999929;1.0760612301191802e-05
956.4699999999929;1.0740351996209587e-05
957.4799999999929;1.0720148891701742e-05
958.4899999999928;1.070000277239947e-05
959.4999999999928;1.0679913424263733e-05
960.5099999999928;1.0659880633872483e-05
961.5199999999928;1.0639904189079191e-05
962.5299999999928;1.0619983878728949e-05
963.5399999999928;1.0600119492498251e-05
964.5499999999928;1.0580310821201776e-05
965.5599999999928;1.0560557656524591e-05
966.5699999999928;1.0540859791180197e-05
967.5799999999928;1.0521217018845568e-05
968.5899999999928;1.0501629134160992e-05
969.5999999999927;1.0482095932718035e-05
970.6099999999927;1.046261721106105e-05
971.6199999999927;1.0443192766625007e-05
972.6299999999927;1.0423822397946485e-05
973.6399999999927;1.0404505904228105e-05
974.6499999999927;1.0385243085917214e-05
975.6599999999927;1.0366033744127615e-05
976.6699999999927;1.0346877680990245e-05
977.6799999999927;1.0327774699658872e-05
978.6899999999927;1.0308724603986597e-05
979.6999999999927;1.0289727198936938e-05
980.7099999999926;1.0270782290161847e-05
981.7199999999926;1.0251889684421276e-05
982.7299999999926;1.0233049189200314e-05
983.7399999999926;1.0214260612977829e-05
984.7499999999926;1.0195523765004642e-05
985.7599999999926;1.0176838455560729e-05
986.7699999999926;1.0158204495642789e-05
987.7799999999926;1.0139621697162323e-05
988.7899999999926;1.012108987293873e-05
989.7999999999926;1.0102608836600243e-05
990.8099999999926;1.0084178402674868e-05
991.8199999999925;1.006579838643183e-05
992.8299999999925;1.0047468604085718e-05
993.8399999999925;1.0029188872687875e-05
994.8499999999925;1.0010959010017302e-05
995.8599999999925;9.992778834835031e-06
996.8699999999925;9.974648166623716e-06
997.8799999999925;9.95656682562846e-06
998.8899999999925;9.938534633069919e-06
999.8999999999925;9.920551410865603e-06
1000.9099999999925;9.902616981800073e-06
1001.9199999999925;9.884731169397159e-06
1002.9299999999924;9.866893797986187e-06
1003.9399999999924;9.84910469273002e-06
1004.9499999999924;9.831363679587641e-06
1005.9599999999924;9.813670585298259e-06
1006.9699999999924;9.796025237277892e-06
1007.9799999999924;9.77842746381993e-06
1008.9899999999924;9.76087709403807e-06
1009.9999999999924;9.743373957713033e-06
1011.0099999999924;9.725917885387344e-06
1012.0199999999924;9.708508708414071e-06
1013.0299999999924;9.6911462588974e-06
1014.0399999999923;9.673830369645143e-06
1015.0499999999923;9.65656087435674e-06
1016.0599999999923;9.63933760722982e-06
1017.0699999999923;9.622160403346877e-06
1018.0799999999923;9.605029098575912e-06
1019.0899999999923;9.5879435294625e-06
1020.0999999999923;9.570903533183366e-06
1021.1099999999923;9.553908947884688e-06
1022.1199999999923;9.536959612085144e-06
1023.1299999999923;9.520055365360509e-06
1024.1399999999924;9.503196047755936e-06
1025.1499999999924;9.486381500123271e-06
1026.1599999999924;9.469611564059455e-06
1027.1699999999923;9.452886081820963e-06
1028.1799999999923;9.436204896308974e-06
1029.1899999999923;9.419567851162445e-06
1030.1999999999923;9.402974790711787e-06
1031.2099999999923;9.386425559976406e-06
1032.2199999999923;9.369920004697682e-06
1033.2299999999923;9.353457971203205e-06
1034.2399999999923;9.337039306544318e-06
1035.2499999999923;9.32066385849008e-06
1036.2599999999923;9.304331475330317e-06
1037.2699999999923;9.288042006260742e-06
1038.2799999999922;9.271795300899365e-06
1039.2899999999922;9.25559120966166e-06
1040.2999999999922;9.239429583521444e-06
1041.3099999999922;9.223310274247753e-06
1042.3199999999922;9.207233134062557e-06
1043.3299999999922;9.191198016025539e-06
1044.3399999999922;9.175204773689436e-06
1045.3499999999922;9.159253261338916e-06
1046.3599999999922;9.143343333846681e-06
1047.3699999999922;9.127474846715409e-06
1048.3799999999922;9.111647656072445e-06
1049.3899999999921;9.095861618714287e-06
1050.3999999999921;9.080116591970497e-06
1051.4099999999921;9.064412433917757e-06
1052.4199999999921;9.048749003111902e-06
1053.429999999992;9.033126158863729e-06
1054.439999999992;9.017543760848062e-06
1055.449999999992;9.002001669678618e-06
1056.459999999992;8.98649974624001e-06
1057.469999999992;8.97103785233953e-06
1058.479999999992;8.955615850104584e-06
1059.489999999992;8.940233602343989e-06
1060.499999999992;8.924890972548288e-06
1061.509999999992;8.909587824703939e-06
1062.519999999992;8.894324023375671e-06
1063.529999999992;8.87909943370916e-06
1064.539999999992;8.863913921476088e-06
1065.549999999992;8.848767353020161e-06
1066.559999999992;8.833659595206682e-06
1067.569999999992;8.818590515472474e-06
1068.579999999992;8.803559981864537e-06
1069.589999999992;8.788567862990996e-06
1070.599999999992;8.773614027974203e-06
1071.609999999992;8.75869834649417e-06
1072.619999999992;8.743820688871839e-06
1073.629999999992;8.728980925843912e-06
1074.639999999992;8.714178928835176e-06
1075.649999999992;8.699414569672126e-06
1076.659999999992;8.6846877208652e-06
1077.669999999992;8.669998255373979e-06
1078.6799999999919;8.655346046780844e-06
1079.6899999999919;8.64073096906812e-06
1080.6999999999919;8.62615289680066e-06
1081.7099999999919;8.611611705152627e-06
1082.7199999999918;8.597107269784753e-06
1083.7299999999918;8.58263946683835e-06
1084.7399999999918;8.568208173011271e-06
1085.7499999999918;8.5538132654862e-06
1086.7599999999918;8.539454622044079e-06
1087.7699999999918;8.52513212088808e-06
1088.7799999999918;8.510845640736116e-06
1089.7899999999918;8.496595060900275e-06
1090.7999999999918;8.482380261108691e-06
1091.8099999999918;8.468201121681527e-06
1092.8199999999918;8.454057523308483e-06
1093.8299999999917;8.439949347348572e-06
1094.8399999999917;8.425876475485409e-06
1095.8499999999917;8.41183878993392e-06
1096.8599999999917;8.397836173619875e-06
1097.8699999999917;8.383868509566243e-06
1098.8799999999917;8.36993568158392e-06
1099.8899999999917;8.356037573965795e-06
1100.8999999999917;8.342174071229603e-06
1101.9099999999917;8.328345058622679e-06
1102.9199999999917;8.314550421745965e-06
1103.9299999999917;8.300790046759115e-06
1104.9399999999916;8.287063820243102e-06
1105.9499999999916;8.27337162921097e-06
1106.9599999999916;8.259713361186975e-06
1107.9699999999916;8.246088904236583e-06
1108.9799999999916;8.232498146638007e-06
1109.9899999999916;8.218940977423938e-06
1110.9999999999916;8.205417285956298e-06
1112.0099999999916;8.191926962012848e-06
1113.0199999999916;8.178469895861122e-06
1114.0299999999916;8.165045978308933e-06
1115.0399999999916;8.151655100353933e-06
1116.0499999999915;8.138297153781215e-06
1117.0599999999915;8.124972030564541e-06
1118.0699999999915;8.111679623246312e-06
1119.0799999999915;8.098419824727172e-06
1120.0899999999915;8.085192528463942e-06
1121.0999999999915;8.071997628187406e-06
1122.1099999999915;8.058835018183025e-06
1123.1199999999915;8.045704593129191e-06
1124.1299999999915;8.032606248169765e-06
1125.1399999999915;8.019539878796207e-06
1126.1499999999915;8.006505381008363e-06
1127.1599999999914;7.993502651180413e-06
1128.1699999999914;7.9805315860746e-06
1129.1799999999914;7.967592082946719e-06
1130.1899999999914;7.954684039475645e-06
1131.1999999999914;7.941807353664282e-06
1132.2099999999914;7.928961924017862e-06
1133.2199999999914;7.916147649406826e-06
1134.2299999999914;7.903364429149918e-06
1135.2399999999914;7.890612162893927e-06
1136.2499999999914;7.877890750728515e-06
1137.2599999999914;7.865200093187531e-06
1138.2699999999913;7.852540091204141e-06
1139.2799999999913;7.839910646072202e-06
1140.2899999999913;7.8273116593978e-06
1141.2999999999913;7.814743033386857e-06
1142.3099999999913;7.802204670474332e-06
1143.3199999999913;7.789696473607237e-06
1144.3299999999913;7.777218346001283e-06
1145.3399999999913;7.764770191261685e-06
1146.3499999999913;7.752351913536816e-06
1147.3599999999913;7.739963417157993e-06
1148.3699999999913;7.727604606999868e-06
1149.3799999999912;7.715275388276966e-06
1150.3899999999912;7.702975666457873e-06
1151.3999999999912;7.690705347554457e-06
1152.4099999999912;7.678464337866939e-06
1153.4199999999912;7.666252544070718e-06
1154.4299999999912;7.654069873251614e-06
1155.4399999999912;7.641916232862253e-06
1156.4499999999912;7.629791530687476e-06
1157.4599999999912;7.61769567487254e-06
1158.4699999999912;7.6056285738915046e-06
1159.4799999999912;7.5935901367746525e-06
1160.4899999999911;7.581580272677495e-06
1161.4999999999911;7.569598891231361e-06
1162.5099999999911;7.557645902386076e-06
1163.5199999999911;7.545721216526849e-06
1164.529999999991;7.533824744270474e-06
1165.539999999991;7.5219563966654765e-06
1166.549999999991;7.510116085116069e-06
1167.559999999991;7.4983037213268566e-06
1168.569999999991;7.486519217356189e-06
1169.579999999991;7.474762485683298e-06
1170.589999999991;7.463033439051862e-06
1171.599999999991;7.4513319905503515e-06
1172.609999999991;7.439658053646291e-06
1173.619999999991;7.428011542104383e-06
1174.629999999991;7.416392370107074e-06
1175.639999999991;7.404800452052842e-06
1176.649999999991;7.393235702755819e-06
1177.659999999991;7.3816980373598225e-06
1178.669999999991;7.370187371338749e-06
1179.679999999991;7.358703620463382e-06
1180.689999999991;7.347246700863436e-06
1181.699999999991;7.335816528960767e-06
1182.709999999991;7.3244130215368455e-06
1183.719999999991;7.313036095702328e-06
1184.729999999991;7.301685668881984e-06
1185.739999999991;7.290361658754303e-06
1186.749999999991;7.279063983457091e-06
1187.759999999991;7.267792561303581e-06
1188.769999999991;7.2565473109935914e-06
1189.7799999999909;7.245328151505933e-06
1190.7899999999909;7.234135002242173e-06
1191.7999999999909;7.222967782767881e-06
1192.8099999999909;7.211826413032283e-06
1193.8199999999908;7.200710813255803e-06
1194.8299999999908;7.18962090407986e-06
1195.8399999999908;7.178556606263145e-06
1196.8499999999908;7.167517841053045e-06
1197.8599999999908;7.156504529858018e-06
1198.8699999999908;7.145516594490793e-06
1199.8799999999908;7.13455395703394e-06
1200.8899999999908;7.123616539826707e-06
1201.8999999999908;7.112704265510647e-06
1202.9099999999908;7.101817057093322e-06
1203.9199999999908;7.0909548378417686e-06
1204.9299999999907;7.080117531277671e-06
1205.9399999999907;7.069305061291263e-06
1206.9499999999907;7.058517351950262e-06
1207.9599999999907;7.047754327725337e-06
1208.9699999999907;7.037015913370283e-06
1209.9799999999907;7.026302033818383e-06
1210.9899999999907;7.015612614361196e-06
1211.9999999999907;7.004947580576511e-06
1213.0099999999907;6.994306858356551e-06
1214.0199999999907;6.983690373806116e-06
1215.0299999999907;6.9730980533455545e-06
1216.0399999999906;6.962529823634063e-06
1217.0499999999906;6.951985611725622e-06
1218.0599999999906;6.9414653447958374e-06
1219.0699999999906;6.930968950411939e-06
1220.0799999999906;6.920496356338342e-06
1221.0899999999906;6.910047490683819e-06
1222.0999999999906;6.8996222817965445e-06
1223.1099999999906;6.88922065821722e-06
1224.1199999999906;6.878842548907187e-06
1225.1299999999906;6.8684878829777634e-06
1226.1399999999906;6.858156589851595e-06
1227.1499999999905;6.847848599210054e-06
1228.1599999999905;6.837563841039823e-06
1229.1699999999905;6.827302245514393e-06
1230.1799999999905;6.817063743107002e-06
1231.1899999999905;6.806848264550552e-06
1232.1999999999905;6.7966557408381845e-06
1233.2099999999905;6.786486103222504e-06
1234.2199999999905;6.776339283209379e-06
1235.2299999999905;6.766215212598708e-06
1236.2399999999905;6.756113823372523e-06
1237.2499999999905;6.746035047805446e-06
1238.2599999999904;6.735978818420991e-06
1239.2699999999904;6.725945068030739e-06
1240.2799999999904;6.715933729591312e-06
1241.2899999999904;6.705944736479961e-06
1242.2999999999904;6.695978022152632e-06
1243.3099999999904;6.686033520380886e-06
1244.3199999999904;6.676111165246612e-06
1245.3299999999904;6.666210890909167e-06
1246.3399999999904;6.656332631976647e-06
1247.3499999999904;6.646476323159547e-06
1248.3599999999904;6.636641899411456e-06
1249.3699999999903;6.626829296033138e-06
1250.3799999999903;6.617038448453724e-06
1251.3899999999903;6.607269292382586e-06
1252.3999999999903;6.597521763795017e-06
1253.4099999999903;6.587795798871598e-06
1254.4199999999903;6.578091333992439e-06
1255.4299999999903;6.568408305839278e-06
1256.4399999999903;6.558746651295867e-06
1257.4499999999903;6.549106307474564e-06
1258.4599999999903;6.539487211753194e-06
1259.4699999999903;6.529889301673509e-06
1260.4799999999902;6.520312515071002e-06
1261.4899999999902;6.510756789978726e-06
1262.4999999999902;6.501222064653605e-06
1263.5099999999902;6.491708277613124e-06
1264.5199999999902;6.4822153675012156e-06
1265.5299999999902;6.472743273383611e-06
1266.5399999999902;6.463291934215826e-06
1267.5499999999902;6.453861289575643e-06
1268.5599999999902;6.444451279063653e-06
1269.5699999999902;6.435061842429678e-06
1270.5799999999902;6.425692919649208e-06
1271.5899999999901;6.41634445117326e-06
1272.5999999999901;6.407016377345245e-06
1273.6099999999901;6.397708638854927e-06
1274.6199999999901;6.388421176739504e-06
1275.62999999999;6.379153932050358e-06
1276.63999999999;6.369906846055463e-06
1277.64999999999;6.360679860497555e-06
1278.65999999999;6.351472916937713e-06
1279.66999999999;6.3422859574730976e-06
1280.67999999999;6.3331189242147085e-06
1281.68999999999;6.323971759679391e-06
1282.69999999999;6.314844406333603e-06
1283.70999999999;6.30573680710389e-06
1284.71999999999;6.296648904869902e-06
1285.72999999999;6.287580643037941e-06
1286.73999999999;6.278531964895566e-06
1287.74999999999;6.269502814062939e-06
1288.75999999999;6.2604931344270015e-06
1289.76999999999;6.251502870076165e-06
1290.77999999999;6.242531965106054e-06
1291.78999999999;6.233580364073818e-06
1292.79999999999;6.224648011600301e-06
1293.80999999999;6.2157348524446375e-06
1294.81999999999;6.206840831756639e-06
1295.82999999999;6.1979658946226005e-06
1296.83999999999;6.189109986584382e-06
1297.84999999999;6.180273053184724e-06
1298.85999999999;6.171455040287714e-06
1299.86999999999;6.162655893888663e-06
1300.8799999999899;6.153875560173332e-06
1301.8899999999899;6.1451139855213065e-06
1302.8999999999899;6.136371116500237e-06
1303.9099999999899;6.127646899996431e-06
1304.9199999999898;6.118941282832258e-06
1305.9299999999898;6.110254212205653e-06
1306.9399999999898;6.1015856354412955e-06
1307.9499999999898;6.092935500114444e-06
1308.9599999999898;6.084303753856014e-06
1309.9699999999898;6.0756903446753265e-06
1310.9799999999898;6.067095220510346e-06
1311.9899999999898;6.0585183297384785e-06
1312.9999999999898;6.049959620730146e-06
1314.0099999999898;6.0414190422221e-06
1315.0199999999897;6.032896542884183e-06
1316.0299999999897;6.024392071759015e-06
1317.0399999999897;6.01590557806195e-06
1318.0499999999897;6.007437011127778e-06
1319.0599999999897;5.998986320471026e-06
1320.0699999999897;5.990553455717522e-06
1321.0799999999897;5.982138366920608e-06
1322.0899999999897;5.97374100393869e-06
1323.0999999999897;5.965361317174209e-06
1324.1099999999897;5.9569992569596855e-06
1325.1199999999897;5.948654773860792e-06
1326.1299999999896;5.940327818676695e-06
1327.1399999999896;5.932018342321066e-06
1328.1499999999896;5.9237262958765155e-06
1329.1599999999896;5.915451630657459e-06
1330.1699999999896;5.907194298027116e-06
1331.1799999999896;5.898954249641597e-06
1332.1899999999896;5.890731437261951e-06
1333.1999999999896;5.8825258128787866e-06
1334.2099999999896;5.874337328530302e-06
1335.2199999999896;5.866165936601537e-06
1336.2299999999896;5.858011589460206e-06
1337.2399999999895;5.849874239702995e-06
1338.2499999999895;5.841753840209664e-06
1339.2599999999895;5.833650343784617e-06
1340.2699999999895;5.825563703634476e-06
1341.2799999999895;5.817493872947519e-06
1342.2899999999895;5.809440805255186e-06
1343.2999999999895;5.801404454009299e-06
1344.3099999999895;5.793384773122826e-06
1345.3199999999895;5.78538171636788e-06
1346.3299999999895;5.777395237856006e-06
1347.3399999999895;5.769425291856186e-06
1348.3499999999894;5.761471832736421e-06
1349.3599999999894;5.753534814963695e-06
1350.3699999999894;5.745614193394222e-06
1351.3799999999894;5.737709922690441e-06
1352.3899999999894;5.729821958020907e-06
1353.3999999999894;5.721950254473161e-06
1354.4099999999894;5.714094767349745e-06
1355.4199999999894;5.706255452162447e-06
1356.4299999999894;5.698432264577832e-06
1357.4399999999894;5.690625160296191e-06
1358.4499999999894;5.682834095286733e-06
1359.4599999999893;5.675059025668506e-06
1360.4699999999893;5.667299907536495e-06
1361.4799999999893;5.6595566973683e-06
1362.4899999999893;5.651829351732967e-06
1363.4999999999893;5.644117827231733e-06
1364.5099999999893;5.6364220807239315e-06
1365.5199999999893;5.628742069226172e-06
1366.5299999999893;5.621077749718886e-06
1367.5399999999893;5.613429079565722e-06
1368.5499999999893;5.605796016213672e-06
1369.5599999999893;5.598178517142937e-06
1370.5699999999892;5.590576540087265e-06
1371.5799999999892;5.582990042874206e-06
1372.5899999999892;5.575418983524926e-06
1373.5999999999892;5.5678633200916215e-06
1374.6099999999892;5.560323010941176e-06
1375.6199999999892;5.552798014406278e-06
1376.6299999999892;5.545288289077307e-06
1377.6399999999892;5.537793793740583e-06
1378.6499999999892;5.530314487037801e-06
1379.6599999999892;5.522850328033971e-06
1380.6699999999892;5.515401275873768e-06
1381.6799999999891;5.50796728973109e-06
1382.6899999999891;5.500548329081074e-06
1383.6999999999891;5.4931443533720756e-06
1384.7099999999891;5.485755322237326e-06
1385.719999999989;5.47838119556633e-06
1386.729999999989;5.471021933265425e-06
1387.739999999989;5.463677495379025e-06
1388.749999999989;5.456347842081938e-06
1389.759999999989;5.449032933686301e-06
1390.769999999989;5.441732730745816e-06
1391.779999999989;5.434447193782621e-06
1392.789999999989;5.427176283557277e-06
1393.799999999989;5.419919960967167e-06
1394.809999999989;5.4126781869227595e-06
1395.819999999989;5.405450922582346e-06
1396.829999999989;5.398238129173607e-06
1397.839999999989;5.3910397681141216e-06
1398.849999999989;5.383855800943252e-06
1399.859999999989;5.376686189223338e-06
1400.869999999989;5.369530894752412e-06
1401.879999999989;5.3623898794564965e-06
1402.889999999989;5.355263105277982e-06
1403.899999999989;5.348150534394713e-06
1404.909999999989;5.341052129111501e-06
1405.919999999989;5.3339678518025955e-06
1406.929999999989;5.326897664967645e-06
1407.939999999989;5.3198415313383425e-06
1408.949999999989;5.31279941355213e-06
1409.959999999989;5.305771274588366e-06
1410.9699999999889;5.298757077494292e-06
1411.9799999999889;5.291756785276249e-06
1412.9899999999889;5.284770361333795e-06
1413.9999999999889;5.277797768915136e-06
1415.0099999999888;5.270838971663909e-06
1416.0199999999888;5.263893933124197e-06
1417.0299999999888;5.25696261701298e-06
1418.0399999999888;5.250044987223042e-06
1419.0499999999888;5.24314100776604e-06
1420.0599999999888;5.236250642717163e-06
1421.0699999999888;5.229373856268931e-06
1422.0799999999888;5.222510612733282e-06
1423.0899999999888;5.215660876644878e-06
1424.0999999999888;5.208824612547162e-06
1425.1099999999888;5.202001785047404e-06
1426.1199999999887;5.195192359030321e-06
1427.1299999999887;5.188396299384176e-06
1428.1399999999887;5.181613571115983e-06
1429.1499999999887;5.174844139399665e-06
1430.1599999999887;5.16808796946914e-06
1431.1699999999887;5.161345026724501e-06
1432.1799999999887;5.154615276624231e-06
1433.1899999999887;5.1478986847440526e-06
1434.1999999999887;5.1411952168740664e-06
1435.2099999999887;5.13450483875745e-06
1436.2199999999887;5.127827516353523e-06
1437.2299999999886;5.121163215735062e-06
1438.2399999999886;5.114511902975796e-06
1439.2499999999886;5.107873544421535e-06
1440.2599999999886;5.101248106367224e-06
1441.2699999999886;5.094635555323018e-06
1442.2799999999886;5.088035857957521e-06
1443.2899999999886;5.081448980841862e-06
1444.2999999999886;5.074874890859866e-06
1445.3099999999886;5.068313554955333e-06
1446.3199999999886;5.0617649400186625e-06
1447.3299999999886;5.055229013307955e-06
1448.3399999999885;5.048705741978853e-06
1449.3499999999885;5.0421950934000686e-06
1450.3599999999885;5.035697034990146e-06
1451.3699999999885;5.029211534376126e-06
1452.3799999999885;5.022738559135624e-06
1453.3899999999885;5.016278077051886e-06
1454.3999999999885;5.009830055964164e-06
1455.4099999999885;5.003394463861358e-06
1456.4199999999885;4.996971268838183e-06
1457.4299999999885;4.990560438988833e-06
1458.4399999999885;4.984161942612297e-06
1459.4499999999884;4.977775748106779e-06
1460.4599999999884;4.9714018239764205e-06
1461.4699999999884;4.965040138718512e-06
1462.4799999999884;4.958690661088022e-06
1463.4899999999884;4.952353359785146e-06
1464.4999999999884;4.946028203713681e-06
1465.5099999999884;4.939715161924731e-06
1466.5199999999884;4.9334142033683645e-06
1467.5299999999884;4.92712529729172e-06
1468.5399999999884;4.9208484129949616e-06
1469.5499999999884;4.914583519770434e-06
1470.5599999999883;4.908330587110657e-06
1471.5699999999883;4.9020895846054815e-06
1472.5799999999883;4.8958604819418525e-06
1473.5899999999883;4.889643248800743e-06
1474.5999999999883;4.883437855110831e-06
1475.6099999999883;4.877244270696375e-06
1476.6199999999883;4.871062465776619e-06
1477.6299999999883;4.8648924103658945e-06
1478.6399999999883;4.858734074772403e-06
1479.6499999999883;4.8525874292487015e-06
1480.6599999999883;4.8464524442913175e-06
1481.6699999999882;4.8403290903421695e-06
1482.6799999999882;4.834217338080589e-06
1483.6899999999882;4.828117158185406e-06
1484.6999999999882;4.8220285214242e-06
1485.7099999999882;4.815951398708285e-06
1486.7199999999882;4.809885761035864e-06
1487.7299999999882;4.8038315794056085e-06
1488.7399999999882;4.797788825047644e-06
1489.7499999999882;4.791757469237938e-06
1490.7599999999882;4.785737483192002e-06
1491.7699999999882;4.779728838465473e-06
1492.7799999999881;4.773731506551836e-06
1493.7899999999881;4.767745458987953e-06
1494.7999999999881;4.761770667544244e-06
1495.8099999999881;4.755807104032571e-06
1496.819999999988;4.7498547402551955e-06
1497.829999999988;4.743913548197973e-06
1498.839999999988;4.737983499986489e-06
1499.849999999988;4.732064567635523e-06
1500.859999999988;4.726156723492935e-06
1501.869999999988;4.720259939795597e-06
1502.879999999988;4.714374188967936e-06
1503.889999999988;4.708499443517513e-06
1504.899999999988;4.702635675939284e-06
1505.909999999988;4.696782859011307e-06
1506.919999999988;4.690940965399658e-06
1507.929999999988;4.685109967905861e-06
1508.939999999988;4.679289839461891e-06
1509.949999999988;4.673480553135261e-06
1510.959999999988;4.66768208188189e-06
1511.969999999988;4.66189439898061e-06
1512.979999999988;4.656117477653089e-06
1513.989999999988;4.650351291153352e-06
1514.999999999988;4.644595812963369e-06
1516.009999999988;4.638851016547913e-06
1517.019999999988;4.633116875505682e-06
1518.029999999988;4.627393363466937e-06
1519.039999999988;4.621680454190862e-06
1520.049999999988;4.615978121473502e-06
1521.059999999988;4.610286339282239e-06
1522.0699999999879;4.6046050815238975e-06
1523.0799999999879;4.59893432228071e-06
1524.0899999999879;4.593274035715072e-06
1525.0999999999879;4.58762419597393e-06
1526.1099999999878;4.5819847774728905e-06
1527.1199999999878;4.5763557545622166e-06
1528.1299999999878;4.570737101628147e-06
1529.1399999999878;4.5651287932271085e-06
1530.1499999999878;4.559530804084948e-06
1531.1599999999878;4.5539431087294265e-06
1532.1699999999878;4.548365682042849e-06
1533.1799999999878;4.54279849884428e-06
1534.1899999999878;4.537241534032386e-06
1535.1999999999878;4.531694762627368e-06
1536.2099999999878;4.526158159726188e-06
1537.2199999999877;4.52063170045482e-06
1538.2299999999877;4.515115360015853e-06
1539.2399999999877;4.5096091137799085e-06
1540.2499999999877;4.504112937099708e-06
1541.2599999999877;4.498626805450276e-06
1542.2699999999877;4.493150694287705e-06
1543.2799999999877;4.4876845792835175e-06
1544.2899999999877;4.482228436131606e-06
1545.2999999999877;4.476782240561572e-06
1546.3099999999877;4.471345968323385e-06
1547.3199999999877;4.465919595473973e-06
1548.3299999999876;4.460503097823179e-06
1549.3399999999876;4.455096451525435e-06
1550.3499999999876;4.449699632670618e-06
1551.3599999999876;4.444312617425056e-06
1552.3699999999876;4.438935382068222e-06
1553.3799999999876;4.433567902953267e-06
1554.3899999999876;4.428210156459156e-06
1555.3999999999876;4.422862119080587e-06
1556.4099999999876;4.4175237673400236e-06
1557.4199999999876;4.412195077873027e-06
1558.4299999999876;4.406876027389084e-06
1559.4399999999875;4.401566592620695e-06
1560.4499999999875;4.396266750460199e-06
1561.4599999999875;4.390976477734411e-06
1562.4699999999875;4.385695751385639e-06
1563.4799999999875;4.380424548561293e-06
1564.4899999999875;4.37516284624982e-06
1565.4999999999875;4.36991062178151e-06
1566.5099999999875;4.364667852193061e-06
1567.5199999999875;4.3594345149958335e-06
1568.5299999999875;4.354210587406841e-06
1569.5399999999875;4.348996047028982e-06
1570.5499999999874;4.343790871258712e-06
1571.5599999999874;4.338595037745445e-06
1572.5699999999874;4.333408524108917e-06
1573.5799999999874;4.328231308086089e-06
1574.5899999999874;4.323063367476487e-06
1575.5999999999874;4.317904680059792e-06
1576.6099999999874;4.312755223856801e-06
1577.6199999999874;4.307614976779362e-06
1578.6299999999874;4.302483916848098e-06
1579.6399999999874;4.297362022235085e-06
1580.6499999999874;4.292249271094242e-06
1581.6599999999873;4.287145641728243e-06
1582.6699999999873;4.28205111237317e-06
1583.6799999999873;4.276965661373922e-06
1584.6899999999873;4.2718892672748595e-06
1585.6999999999873;4.266821908499989e-06
1586.7099999999873;4.2617635635901216e-06
1587.7199999999873;4.256714211277089e-06
1588.7299999999873;4.251673830178992e-06
1589.7399999999873;4.2466423989789354e-06
1590.7499999999873;4.241619896688686e-06
1591.7599999999873;4.236606302025375e-06
1592.7699999999872;4.231601593992917e-06
1593.7799999999872;4.226605751569978e-06
1594.7899999999872;4.221618753879659e-06
1595.7999999999872;4.216640579980654e-06
1596.8099999999872;4.211671209077941e-06
1597.8199999999872;4.206710620483166e-06
1598.8299999999872;4.201758793436106e-06
1599.8399999999872;4.196815707326363e-06
1600.8499999999872;4.191881341647474e-06
1601.8599999999872;4.1869556758211495e-06
1602.8699999999872;4.18203868941712e-06
1603.8799999999871;4.177130362068725e-06
1604.8899999999871;4.172230673419243e-06
1605.8999999999871;4.167339603263301e-06
1606.9099999999871;4.1624571312788254e-06
1607.919999999987;4.157583237507674e-06
1608.929999999987;4.152717901703746e-06
1609.939999999987;4.147861103894561e-06
1610.949999999987;4.1430128240401476e-06
1611.959999999987;4.1381730423697975e-06
1612.969999999987;4.133341738917452e-06
1613.979999999987;4.128518893899793e-06
1614.989999999987;4.123704487595576e-06
1615.999999999987;4.118898500335967e-06
1617.009999999987;4.114100912512892e-06
1618.019999999987;4.109311704488036e-06
1619.029999999987;4.104530856810557e-06
1620.039999999987;4.099758349999123e-06
1621.049999999987;4.0949941647127886e-06
1622.059999999987;4.090238281544319e-06
1623.069999999987;4.085490681222405e-06
1624.079999999987;4.080751344533432e-06
1625.089999999987;4.0760202523203045e-06
1626.099999999987;4.071297385438353e-06
1627.109999999987;4.066582724882987e-06
1628.119999999987;4.06187625157712e-06
1629.129999999987;4.057177946585583e-06
1630.139999999987;4.052487791024881e-06
1631.149999999987;4.047805766068319e-06
1632.159999999987;4.043131852901166e-06
1633.1699999999869;4.038466032805889e-06
1634.1799999999869;4.033808287114064e-06
1635.1899999999869;4.029158597175255e-06
1636.1999999999869;4.024516944472922e-06
1637.2099999999868;4.0198833103779165e-06
1638.2199999999868;4.015257676565281e-06
1639.2299999999868;4.010640024512637e-06
1640.2399999999868;4.006030335915486e-06
1641.2499999999868;4.001428592440311e-06
1642.2599999999868;3.996834775850299e-06
1643.2699999999868;3.992248867996667e-06
1644.2799999999868;3.987670850662615e-06
1645.2899999999868;3.983100705724616e-06
1646.2999999999868;3.978538415233869e-06
1647.3099999999868;3.97398396108652e-06
1648.3199999999867;3.9694373254359774e-06
1649.3299999999867;3.964898490407268e-06
1650.3399999999867;3.960367438092223e-06
1651.3499999999867;3.9558441506749546e-06
1652.3599999999867;3.951328610471089e-06
1653.3699999999867;3.946820799849145e-06
1654.3799999999867;3.94232070110466e-06
1655.3899999999867;3.9378282966237686e-06
1656.3999999999867;3.933343568923295e-06
1657.4099999999867;3.928866500533121e-06
1658.4199999999867;3.924397073985982e-06
1659.4299999999866;3.919935271870263e-06
1660.4399999999866;3.915481076860875e-06
1661.4499999999866;3.911034471724048e-06
1662.4599999999866;3.906595439191369e-06
1663.4699999999866;3.902163962008443e-06
1664.4799999999866;3.897740023164193e-06
1665.4899999999866;3.893323605460553e-06
1666.4999999999866;3.888914691904348e-06
1667.5099999999866;3.884513265473805e-06
1668.5199999999866;3.880119309233464e-06
1669.5299999999866;3.875732806295016e-06
1670.5399999999865;3.8713537397804645e-06
1671.5499999999865;3.866982092935379e-06
1672.5599999999865;3.862617848898227e-06
1673.5699999999865;3.8582609910886806e-06
1674.5799999999865;3.853911502739832e-06
1675.5899999999865;3.849569367325651e-06
1676.5999999999865;3.845234568211065e-06
1677.6099999999865;3.840907088885626e-06
1678.6199999999865;3.83658691292657e-06
1679.6299999999865;3.832274023835768e-06
1680.6399999999865;3.8279684052836e-06
1681.6499999999864;3.823670040903437e-06
1682.6599999999864;3.8193789143786896e-06
1683.6699999999864;3.815095009552224e-06
1684.6799999999864;3.8108183101202864e-06
1685.6899999999864;3.806548799978634e-06
1686.6999999999864;3.8022864630291203e-06
1687.7099999999864;3.798031283180834e-06
1688.7199999999864;3.7937832444652157e-06
1689.7299999999864;3.7895423308406856e-06
1690.7399999999864;3.7853085264287636e-06
1691.7499999999864;3.781081815316894e-06
1692.7599999999863;3.7768621816763e-06
1693.7699999999863;3.772649609718829e-06
1694.7799999999863;3.7684440836682198e-06
1695.7899999999863;3.7642455878255003e-06
1696.7999999999863;3.760054106536071e-06
1697.8099999999863;3.7558696241916372e-06
1698.8199999999863;3.751692125146886e-06
1699.8299999999863;3.74752159395709e-06
1700.8399999999863;3.7433580150641817e-06
1701.8499999999863;3.7392013731081135e-06
1702.8599999999863;3.735051652578255e-06
1703.8699999999862;3.7309088381242803e-06
1704.8799999999862;3.7267729145130998e-06
1705.8899999999862;3.722643866402676e-06
1706.8999999999862;3.7185216785279405e-06
1707.9099999999862;3.7144063357849215e-06
1708.9199999999862;3.7102978229579055e-06
1709.9299999999862;3.706196124946872e-06
1710.9399999999862;3.7021012267339016e-06
1711.9499999999862;3.6980131132277846e-06
1712.9599999999862;3.693931769454461e-06
1713.9699999999862;3.6898571805215746e-06
1714.9799999999861;3.685789331459581e-06
1715.9899999999861;3.681728207458414e-06
1716.9999999999861;3.677673793669709e-06
1718.0099999999861;3.6736260753254403e-06
1719.019999999986;3.6695850376988846e-06
1720.029999999986;3.665550666101555e-06
1721.039999999986;3.661522945812783e-06
1722.049999999986;3.6575018622997255e-06
1723.059999999986;3.6534874009584536e-06
1724.069999999986;3.6494795471885406e-06
1725.079999999986;3.645478286576634e-06
1726.089999999986;3.641483604640381e-06
1727.099999999986;3.6374954869706365e-06
1728.109999999986;3.6335139191623997e-06
1729.119999999986;3.6295388868865915e-06
1730.129999999986;3.6255703758554773e-06
1731.139999999986;3.621608371817596e-06
1732.149999999986;3.6176528604862755e-06
1733.159999999986;3.6137038278020375e-06
1734.169999999986;3.6097612594801295e-06
1735.179999999986;3.605825141538878e-06
1736.189999999986;3.6018954598448297e-06
1737.199999999986;3.5979722003445654e-06
1738.209999999986;3.5940553491304072e-06
1739.219999999986;3.590144892222212e-06
1740.229999999986;3.5862408156066924e-06
1741.239999999986;3.582343105561446e-06
1742.249999999986;3.5784517481500714e-06
1743.259999999986;3.57456672961604e-06
1744.2699999999859;3.570688036170352e-06
1745.2799999999859;3.566815654093041e-06
1746.2899999999859;3.5629495697080526e-06
1747.2999999999859;3.5590897693703825e-06
1748.3099999999858;3.55523623940173e-06
1749.3199999999858;3.551388966307955e-06
1750.3299999999858;3.5475479364824515e-06
1751.3399999999858;3.5437131364668425e-06
1752.3499999999858;3.539884552764386e-06
1753.3599999999858;3.5360621719552406e-06
1754.3699999999858;3.532245980651075e-06
1755.3799999999858;3.528435965501824e-06
1756.3899999999858;3.5246321131211766e-06
1757.3999999999858;3.520834410338365e-06
